dataset,doc_id,raw_text,clean_text,sentiment_label,sentiment_score,positive_hits,negative_hits
Before Election,0,ধানের শীষে ভোট দিবো মিলেমিশে চান্দা তুলবো,ধানের শীষে ভোট দিবো মিলেমিশে চান্দা তুলবো,neutral,0.0,0,0
Before Election,1,"সবাই মিলে করবো কাজ, নেতা মোদের HSC পাস",সবাই মিলে করবো কাজ নেতা মোদের hsc পাস,neutral,0.0,0,0
Before Election,2,"ফ্যামিলি কার্ড সাথে আছে পরকাল, শুনে হাসি পাইলো",ফ্যামিলি কার্ড সাথে আছে পরকাল শুনে হাসি পাইলো,neutral,0.0,0,0
Before Election,3,দেখ খাম্বার মুরিদেরা জান্নাতের টিকেট কে দেয়,দেখ খাম্বার মুরিদেরা জান্নাতের টিকেট কে দেয়,neutral,0.0,0,0
Before Election,4,বিম্পি দেখি মাগনা টিকেট দিতেছে!,বিম্পি দেখি মাগনা টিকেট দিতেছে,neutral,0.0,0,0
Before Election,5,এখন কি বিএনপিও জান্নাতের টিকেট বিক্রি করছে? এটা নিয়ে বিএনপির ৯ জনকে দেখলাম বিক্রি করতে,এখন কি বিএনপিও জান্নাতের টিকেট বিক্রি করছে এটা নিয়ে বিএনপির জনকে দেখলাম বিক্রি করতে,neutral,0.0,0,0
Before Election,6,খাম্বা তারেক জানেন নাকি,খাম্বা তারেক জানেন নাকি,neutral,0.0,0,0
Before Election,7,বিএনপির ছাপড়ি গুলো কি টিকেট পাইছে,বিএনপির ছাপড়ি গুলো কি টিকেট পাইছে,neutral,0.0,0,0
Before Election,8,বিএনপি ভাইয়েরা ভালো করে দেখেন কারা জান্নাতের টিকিট দিচ্ছে,বিএনপি ভাইয়েরা ভালো করে দেখেন কারা জান্নাতের টিকিট দিচ্ছে,positive,0.125,1,0
Before Election,9,গাঞ্জা ইফেক্ট,গাঞ্জা ইফেক্ট,neutral,0.0,0,0
Before Election,10,এই বি এন পির নেতা গুলোকে স্কিপ্ট লিখে দেয় কে,এই বি এন পির নেতা গুলোকে স্কিপ্ট লিখে দেয় কে,neutral,0.0,0,0
Before Election,11,ওরে বাটপার,ওরে বাটপার,neutral,0.0,0,0
Before Election,12,বিএনপি মানেই বিনোদন!,বিএনপি মানেই বিনোদন,neutral,0.0,0,0
Before Election,13,ধানের শীষে ভোট দিলেই জান্নাত কনফার্ম,ধানের শীষে ভোট দিলেই জান্নাত কনফার্ম,neutral,0.0,0,0
Before Election,14,বিএনপি বললে সবকিছুই জায়েজ,বিএনপি বললে সবকিছুই জায়েজ,neutral,0.0,0,0
Before Election,15,"Ai দিয়ে বিডিউ বানিয়ে পরে বিএনপির নামে চালিয়ে দেওয়া , এইটা ঠিকনা",ai দিয়ে বিডিউ বানিয়ে পরে বিএনপির নামে চালিয়ে দেওয়া এইটা ঠিকনা,neutral,0.0,0,0
Before Election,16,চাঁদাবাজের বাংলার জমিনে ঠাই নাই,চাঁদাবাজের বাংলার জমিনে ঠাই নাই,neutral,0.0,0,0
Before Election,17,"নাটকের নামটা যদি হয়, নির্বাচনের আগে, তাহলে কেমন হয়",নাটকের নামটা যদি হয় নির্বাচনের আগে তাহলে কেমন হয়,neutral,0.0,0,0
Before Election,18,Zarek Tia r chagol abid egla dekhena,zarek tia r chagol abid egla dekhena,neutral,0.0,0,0
Before Election,19,বিম্পির কাছেও জান্নাতের টিকিট আছে,বিম্পির কাছেও জান্নাতের টিকিট আছে,neutral,0.0,0,0
Before Election,20,তারেক রহমানের নির্দেশে জান্নাতের টিকিট বিক্রি শুরু,তারেক রহমানের নির্দেশে জান্নাতের টিকিট বিক্রি শুরু,neutral,0.0,0,0
Before Election,21,ধানের শীষে ভোট দিন জান্নাত বুঝে নিন,ধানের শীষে ভোট দিন জান্নাত বুঝে নিন,neutral,0.0,0,0
Before Election,22,"এই গুলো কি,আওয়ামী লীগের লোক আর বিএনপির লোকেরা দেখে নাহ",এই গুলো কি আওয়ামী লীগের লোক আর বিএনপির লোকেরা দেখে নাহ,neutral,0.0,0,0
Before Election,23,একমাত্র ধানের শীষেই আছে এহ কাল এবং পরকালের শান্তি,একমাত্র ধানের শীষেই আছে এহ কাল এবং পরকালের শান্তি,positive,0.14285714285714285,1,0
Before Election,24,ভালোই তো গাছ গাছরা মহাশক্তি ঔষধ বিক্রি করতে পারবে,ভালোই তো গাছ গাছরা মহাশক্তি ঔষধ বিক্রি করতে পারবে,neutral,0.0,0,0
Before Election,25,স্যার জেমন জনগন তো তেমন হবে,স্যার জেমন জনগন তো তেমন হবে,neutral,0.0,0,0
Before Election,26,ভাই আমার মনে যেটা হইতেছে তারেক রহমান যেভাবে জিজ্ঞাসা করতেছে কালকে সকালে মনে ঢাকা শহর সিঙ্গাপুরে পরিবর্তন করবে,ভাই আমার মনে যেটা হইতেছে তারেক রহমান যেভাবে জিজ্ঞাসা করতেছে কালকে সকালে মনে ঢাকা শহর সিঙ্গাপুরে পরিবর্তন করবে,neutral,0.0,0,0
Before Election,27,খাম্বার কথা মানুষ ভুলে যায়নি,খাম্বার কথা মানুষ ভুলে যায়নি,neutral,0.0,0,0
Before Election,28,এই নাটকের নাম নির্বাচন,এই নাটকের নাম নির্বাচন,neutral,0.0,0,0
Before Election,29,নাটক রে আর কত দেখব বাংলাদেশের মানুষ,নাটক রে আর কত দেখব বাংলাদেশের মানুষ,negative,-0.2,0,1
Before Election,30,খাম্বা লাগবে,খাম্বা লাগবে,neutral,0.0,0,0
Before Election,31,টাকা দিয়ে ভোট কেনা শুরু,টাকা দিয়ে ভোট কেনা শুরু,neutral,0.0,0,0
Before Election,32,চলিতেছ সার্কাস।,চলিতেছ সার্কাস,neutral,0.0,0,0
Before Election,33,,,neutral,0.0,0,0
Before Election,34,তার বিহীন খাম্বাচাই,তার বিহীন খাম্বাচাই,neutral,0.0,0,0
Before Election,35,ধান ক্ষেতেও তাইলে এখন জান্নাতের টিকিট বিক্রি হচ্ছে,ধান ক্ষেতেও তাইলে এখন জান্নাতের টিকিট বিক্রি হচ্ছে,neutral,0.0,0,0
Before Election,36,নতুনকরেএকচোরএসেছেদেশেতারেক,নতুনকরেএকচোরএসেছেদেশেতারেক,neutral,0.0,0,0
Before Election,37,"বাংলা নাটক দেখা ছেড়ে দিছিলাম,, এখন রেগুলার দেখি ভালোই লাগে",বাংলা নাটক দেখা ছেড়ে দিছিলাম এখন রেগুলার দেখি ভালোই লাগে,negative,-0.1111111111111111,0,1
Before Election,38,জনগণ আর বোকা না ই জামায়াত সঠিক লাল কার্ড দেখিয়ে দিবে শহীদ জিয়ার ধানের শীষ জিন্দাবাদ ফূলের মালা পরবে কে বিএনপি ছাড়া আবার কে আল্লাহ তায়ালা রহমাতে,জনগণ আর বোকা না ই জামায়াত সঠিক লাল কার্ড দেখিয়ে দিবে শহীদ জিয়ার ধানের শীষ জিন্দাবাদ ফূলের মালা পরবে কে বিএনপি ছাড়া আবার কে আল্লাহ তায়ালা রহমাতে,neutral,0.0,0,0
Before Election,39,ধানের শীষে ভোট দিলে এই দল যত আকাম করবে তার ভাগীদার আপনে হবেন আখেরাতে জবাব দেওয়া লাগবে,ধানের শীষে ভোট দিলে এই দল যত আকাম করবে তার ভাগীদার আপনে হবেন আখেরাতে জবাব দেওয়া লাগবে,neutral,0.0,0,0
Before Election,40,বিএনপিকে ডোবানোর জন্য এমন নেতাই যথেষ্ট  আকেল বুদ্ধি একেবারেই নাই হে আবার নেতা।,বিএনপিকে ডোবানোর জন্য এমন নেতাই যথেষ্ট আকেল বুদ্ধি একেবারেই নাই হে আবার নেতা,neutral,0.0,0,0
Before Election,41,"তারেক গং রা অন্যকে জান্নাতের টিকিটের ব্লেম দেয়, এখন নিজেরা",তারেক গং রা অন্যকে জান্নাতের টিকিটের ব্লেম দেয় এখন নিজেরা,neutral,0.0,0,0
Before Election,42,এটাও কি লন্ডনের মুফতি সাহেবের হাদিস?,এটাও কি লন্ডনের মুফতি সাহেবের হাদিস,neutral,0.0,0,0
Before Election,43,তারেক রহমান আশা করি তার এই কর্মীকে জাতির সামনে জান্নাতের টিকিট বিক্রিকারী হিসেবে পরিচয় করিয়ে দিবেন,তারেক রহমান আশা করি তার এই কর্মীকে জাতির সামনে জান্নাতের টিকিট বিক্রিকারী হিসেবে পরিচয় করিয়ে দিবেন,positive,0.07142857142857142,1,0
Before Election,44,চাঁদাবাজির ঠিকানা এই বাংলা হবে না,চাঁদাবাজির ঠিকানা এই বাংলা হবে না,neutral,0.0,0,0
Before Election,45,দাঁড়িপাল্লা হবেই হবে জয় ইনশাআল্লাহ,দাঁড়িপাল্লা হবেই হবে জয় ইনশাআল্লাহ,positive,0.25,1,0
Before Election,46,জান্নাতের টিকিট বিক্রি করল বিএনপির লোকজন আর দোষ চাপল জামাতের উপর,জান্নাতের টিকিট বিক্রি করল বিএনপির লোকজন আর দোষ চাপল জামাতের উপর,neutral,0.0,0,0
Before Election,47,ফ্যামিলি কার্ড গাধা কার্ড বোকাচোদা কার্ড সব পাবে বিএনপি ক্ষমতায় আসলে,ফ্যামিলি কার্ড গাধা কার্ড বোকাচোদা কার্ড সব পাবে বিএনপি ক্ষমতায় আসলে,neutral,0.0,0,0
Before Election,48,পাস করার পর কচু দিবে জনগণকে দাঁড়িপাল্লায় ভর্তি জনগণকে শান্তিপূর্ণভাবে বাঁচার অধিকার পাবেন,পাস করার পর কচু দিবে জনগণকে দাঁড়িপাল্লায় ভর্তি জনগণকে শান্তিপূর্ণভাবে বাঁচার অধিকার পাবেন,neutral,0.0,0,0
Before Election,49,চাঁদা বাজ খমতায় গেলে।দেশ ধংস করে দিবে। জামাত খমতায় দরকার,চাঁদা বাজ খমতায় গেলে দেশ ধংস করে দিবে জামাত খমতায় দরকার,neutral,0.0,0,0
Before Election,50,ভোট পাওয়া জন্য কত নাতক করে এই তারেক রহমান যে চালাক,ভোট পাওয়া জন্য কত নাতক করে এই তারেক রহমান যে চালাক,neutral,0.0,0,0
Before Election,51,দুর্নীতির চ্যাম্পিয়ন,দুর্নীতির চ্যাম্পিয়ন,neutral,0.0,0,0
Before Election,52,গাজা কি পরিমান খাইলে এই ধরনের কথা বলে,গাজা কি পরিমান খাইলে এই ধরনের কথা বলে,neutral,0.0,0,0
Before Election,53,"মাথা নষ্ট হয়ে গেছে, মুখে যা আসে তা-ই বলে বেড়াচ্ছে।",মাথা নষ্ট হয়ে গেছে মুখে যা আসে তা ই বলে বেড়াচ্ছে,neutral,0.0,0,0
Before Election,54,বিএনপির ওলি এখন কিছু বলেন।,বিএনপির ওলি এখন কিছু বলেন,neutral,0.0,0,0
Before Election,55,ধানের সিস জাহাননামের বিস,ধানের সিস জাহাননামের বিস,neutral,0.0,0,0
Before Election,56,মেয়াদ ছাড়া খাইলে যা হয় আরকি,মেয়াদ ছাড়া খাইলে যা হয় আরকি,neutral,0.0,0,0
Before Election,57,এই গুলো কি তারেক রহমান এর সামনে পরেনা,এই গুলো কি তারেক রহমান এর সামনে পরেনা,neutral,0.0,0,0
Before Election,58,সালায় মাল এটু বেসি খাইছে,সালায় মাল এটু বেসি খাইছে,neutral,0.0,0,0
Before Election,59,গাঞ্জা খেয়ে মাতাল হয়ে বক্তব্য দিলে এমনই হবে,গাঞ্জা খেয়ে মাতাল হয়ে বক্তব্য দিলে এমনই হবে,neutral,0.0,0,0
Before Election,60,ধানের শীষে ভোট দিন নিজের পুটকিমারা নিজে খান,ধানের শীষে ভোট দিন নিজের পুটকিমারা নিজে খান,neutral,0.0,0,0
Before Election,61,বাইনচোদ ডেড ওভার গান্জা খাইছে,বাইনচোদ ডেড ওভার গান্জা খাইছে,neutral,0.0,0,0
Before Election,62,গাজা খেয়ে আসছে নতুন গাজাখোর,গাজা খেয়ে আসছে নতুন গাজাখোর,neutral,0.0,0,0
Before Election,63,"সবাই ভালো করে দেখে নিন, জান্নাত এর টিকিট বিক্রি শুরু করেছে বিএনপি",সবাই ভালো করে দেখে নিন জান্নাত এর টিকিট বিক্রি শুরু করেছে বিএনপি,positive,0.1111111111111111,1,0
Before Election,64,বাটপার সেটিং,বাটপার সেটিং,neutral,0.0,0,0
Before Election,65,খাম্বার দল জান্নাতের টিকিট দিচ্ছে ফ্রি,খাম্বার দল জান্নাতের টিকিট দিচ্ছে ফ্রি,neutral,0.0,0,0
Before Election,66,বি এন পি তারা এতে সুন্দর ওয়াজ করতে পারে,বি এন পি তারা এতে সুন্দর ওয়াজ করতে পারে,neutral,0.0,0,0
Before Election,67,একজন রেমিটেন্স যোদ্ধা দেশে ফিরছে,একজন রেমিটেন্স যোদ্ধা দেশে ফিরছে,neutral,0.0,0,0
Before Election,68,দেশে এসে প্রথমে শ্বশুর বাড়ি এলাকায় তারেক!,দেশে এসে প্রথমে শ্বশুর বাড়ি এলাকায় তারেক,neutral,0.0,0,0
Before Election,69,"রাস্তার পাশের খাম্বাটা'ও হঠাৎ কেঁপে উঠলো, মনে হয় দেশনেতার বিমানটি এসে পড়েছে।",রাস্তার পাশের খাম্বাটা ও হঠাৎ কেঁপে উঠলো মনে হয় দেশনেতার বিমানটি এসে পড়েছে,neutral,0.0,0,0
Before Election,70,হাহা খাম্বা তারেকের সেই সুন্দর অভিনয় করেছেন আপনি,হাহা খাম্বা তারেকের সেই সুন্দর অভিনয় করেছেন আপনি,neutral,0.0,0,0
Before Election,71,এই লোকের পিছনে আরো নাম আছে খাম্বা তারিখ বোমা তারে টেন পার্সেন্ট,এই লোকের পিছনে আরো নাম আছে খাম্বা তারিখ বোমা তারে টেন পার্সেন্ট,neutral,0.0,0,0
Before Election,72,দিলেন তো খাম্বা জায়গা মতো।,দিলেন তো খাম্বা জায়গা মতো,neutral,0.0,0,0
Before Election,73,এখানে নাকি ১০ টা খাম্বা ছিলো।,এখানে নাকি টা খাম্বা ছিলো,neutral,0.0,0,0
Before Election,74,দয়া করে উনাকে খাম্বা তারেক বলবেন না।,দয়া করে উনাকে খাম্বা তারেক বলবেন না,neutral,0.0,0,0
Before Election,75,"চাঁন্দা মোদের অধিকার,বাধা দিলেই রাজাকার!",চাঁন্দা মোদের অধিকার বাধা দিলেই রাজাকার,neutral,0.0,0,0
Before Election,76,খাম্বা তারেক,খাম্বা তারেক,neutral,0.0,0,0
Before Election,77,বিদেশে বসে ঘরের বউ সামলানো যায় না আর হেতে দেশ সামলাবে,বিদেশে বসে ঘরের বউ সামলানো যায় না আর হেতে দেশ সামলাবে,neutral,0.0,0,0
Before Election,78,ভাই খাম্বা কি আম্নের বাড়ির পোতায় বসায় ছিল।,ভাই খাম্বা কি আম্নের বাড়ির পোতায় বসায় ছিল,neutral,0.0,0,0
Before Election,79,খাম্বা চোরা আসলেই তো,খাম্বা চোরা আসলেই তো,neutral,0.0,0,0
Before Election,80,এত খাম্বা চোর তাইতো খাম বানানো হচ্ছে,এত খাম্বা চোর তাইতো খাম বানানো হচ্ছে,negative,-0.16666666666666666,0,1
Before Election,81,আসলেই অটা খাম্বা,আসলেই অটা খাম্বা,neutral,0.0,0,0
Before Election,82,গাছের উপর কাউয়া তারেক জিয়া শাওয়া,গাছের উপর কাউয়া তারেক জিয়া শাওয়া,neutral,0.0,0,0
Before Election,83,হ্যাঁ ধানের শীষে ভোট দিলে জান্নাত কনফার্ম।,হ্যাঁ ধানের শীষে ভোট দিলে জান্নাত কনফার্ম,neutral,0.0,0,0
Before Election,84,ধানের শীষ ধরে ডাইরেক্ট জান্নাত...,ধানের শীষ ধরে ডাইরেক্ট জান্নাত,neutral,0.0,0,0
Before Election,85,ইহকালেও চান্দা তুলতে পারবো পরকালেও চান্দা তুলতে পারবো।,ইহকালেও চান্দা তুলতে পারবো পরকালেও চান্দা তুলতে পারবো,neutral,0.0,0,0
Before Election,86,"শান্তি আর শান্তি,মহাশান্তি",শান্তি আর শান্তি মহাশান্তি,positive,0.6666666666666666,2,0
Before Election,87,বাংলাদেশে যত স্টিল খাম্বা আছে সেই খাম্বা গুলো কোথায় গেল,বাংলাদেশে যত স্টিল খাম্বা আছে সেই খাম্বা গুলো কোথায় গেল,neutral,0.0,0,0
Before Election,88,আমি কে তুমি কে রাজাকার রাজাকার কে বলেছে কে বলেছে চান্দাবাজ চান্দাবাজ,আমি কে তুমি কে রাজাকার রাজাকার কে বলেছে কে বলেছে চান্দাবাজ চান্দাবাজ,negative,-0.3333333333333333,0,2
Before Election,89,খাম্বা তারেক চাদা বাজ তারেক,খাম্বা তারেক চাদা বাজ তারেক,neutral,0.0,0,0
Before Election,90,খামরে খাম্ব হইবো নাকি ওরে বাশ তারিখ,খামরে খাম্ব হইবো নাকি ওরে বাশ তারিখ,neutral,0.0,0,0
Before Election,91,"ঋণ খেলাপি, চাঁদাবাজ ও ব্যাংক ডাকাতিদের ভোট দিলে, দেশ একেবারে স্বর্গে চলে যাবে।",ঋণ খেলাপি চাঁদাবাজ ও ব্যাংক ডাকাতিদের ভোট দিলে দেশ একেবারে স্বর্গে চলে যাবে,negative,-0.08333333333333333,0,1
Before Election,92,,,neutral,0.0,0,0
Before Election,93,"সেই টাকায় 17 বছর বসে বসে খায়ে লন্ডনে """"""""""",সেই টাকায় বছর বসে বসে খায়ে লন্ডনে,neutral,0.0,0,0
Before Election,94,তারেক শুধু বাংলাদেশ আসলেই খাম্বার সাথে বেঁধে মারবো,তারেক শুধু বাংলাদেশ আসলেই খাম্বার সাথে বেঁধে মারবো,neutral,0.0,0,0
Before Election,95,শুধু খাম্বা তারেক নয় বর্তমান চাঁদাবাজ তারেক,শুধু খাম্বা তারেক নয় বর্তমান চাঁদাবাজ তারেক,negative,-0.16666666666666666,0,1
Before Election,96,টেম্পু স্ট্যান্ড কেনো বলে?,টেম্পু স্ট্যান্ড কেনো বলে,neutral,0.0,0,0
Before Election,97,"এদের বয়কট করুন সবাই মিলে, দারি পাল্লা ইনশাআল্লাহ",এদের বয়কট করুন সবাই মিলে দারি পাল্লা ইনশাআল্লাহ,neutral,0.0,0,0
Before Election,98,এতদিন পরে খাম্বা তারেক নামের আসল রহস্য জানতে পারলাম,এতদিন পরে খাম্বা তারেক নামের আসল রহস্য জানতে পারলাম,neutral,0.0,0,0
Before Election,99,তারেক রহমানের ময়মনসিংহ ভালুকা থানায় তার খাম্বার ফ্যাক্টরি আছে একটা,তারেক রহমানের ময়মনসিংহ ভালুকা থানায় তার খাম্বার ফ্যাক্টরি আছে একটা,neutral,0.0,0,0
Before Election,100,ভোট দিবো ধানের শীর্ষে চাঁদা তুলবো মিলেমিশে,ভোট দিবো ধানের শীর্ষে চাঁদা তুলবো মিলেমিশে,neutral,0.0,0,0
Before Election,101,মেয়াদ শেষ হয়ে গেছিলো মনে হয়ে খেলায় করেনি,মেয়াদ শেষ হয়ে গেছিলো মনে হয়ে খেলায় করেনি,neutral,0.0,0,0
Before Election,102,গাম ভাতের সাথে মিক্সি করে খাইছে সিউর,গাম ভাতের সাথে মিক্সি করে খাইছে সিউর,neutral,0.0,0,0
Before Election,103,"নেতা হচ্ছে লন্ডন ফেরত মুফতি, আর কর্মী হচ্ছে গুলিস্তানের মুফতি",নেতা হচ্ছে লন্ডন ফেরত মুফতি আর কর্মী হচ্ছে গুলিস্তানের মুফতি,neutral,0.0,0,0
Before Election,104,নিশার পরিমাণ যখন একটু বেশি হয়,নিশার পরিমাণ যখন একটু বেশি হয়,neutral,0.0,0,0
Before Election,105,নামাজের দোয়া গুলো জানে কি না সন্দেহ আছে,নামাজের দোয়া গুলো জানে কি না সন্দেহ আছে,neutral,0.0,0,0
Before Election,106,বিনোদন এ সেরা বিএনপি,বিনোদন এ সেরা বিএনপি,positive,0.3333333333333333,1,0
Before Election,107,আসল রূপ দিলি তো প্রকাশ করে,আসল রূপ দিলি তো প্রকাশ করে,neutral,0.0,0,0
Before Election,108,সেজন্যই জনগণ বয়কট করছে,সেজন্যই জনগণ বয়কট করছে,neutral,0.0,0,0
Before Election,109,আজকে সিদ্ধান্ত নিলাম জামাত ইসলামকে ভোট দেব কোন সন্ত্রাসকে ভোট দেব না,আজকে সিদ্ধান্ত নিলাম জামাত ইসলামকে ভোট দেব কোন সন্ত্রাসকে ভোট দেব না,neutral,0.0,0,0
Before Election,110,তারেক রহমান বিএনপি কে ধংস করার জন্য এইসব নেতাই যথেষ্ট,তারেক রহমান বিএনপি কে ধংস করার জন্য এইসব নেতাই যথেষ্ট,neutral,0.0,0,0
Before Election,111,চাদাবাজএমনহয়,চাদাবাজএমনহয়,neutral,0.0,0,0
Before Election,112,বিএনপির সন্ত্রাসীদের বয়কট করুন,বিএনপির সন্ত্রাসীদের বয়কট করুন,neutral,0.0,0,0
Before Election,113,খাবার সামনে দিয়ে এভাবে থ্রেড না দিলেও পারতেন কাকু,খাবার সামনে দিয়ে এভাবে থ্রেড না দিলেও পারতেন কাকু,neutral,0.0,0,0
Before Election,114,এরা মনে হয় পাবলিকের জুতাপেটা খাওনের সময় ঘনিয়ে আসছে,এরা মনে হয় পাবলিকের জুতাপেটা খাওনের সময় ঘনিয়ে আসছে,neutral,0.0,0,0
Before Election,115,খুব ডরাইছি খাংকির পোলা আগের বাংলাদেশ এখন নাই,খুব ডরাইছি খাংকির পোলা আগের বাংলাদেশ এখন নাই,neutral,0.0,0,0
Before Election,116,বিএনপি থেকে সাবধান নির্বাচনের আগেই এদের এই অবস্থা নির্বাচনের পরে কি করবে তা বুঝা যাচ্ছে।,বিএনপি থেকে সাবধান নির্বাচনের আগেই এদের এই অবস্থা নির্বাচনের পরে কি করবে তা বুঝা যাচ্ছে,neutral,0.0,0,0
Before Election,117,বাংলাদেশ জাতীয়বাদী দল বিএনপি হারার জন্যই আপনার মতই চামচাই যথেষ্ট,বাংলাদেশ জাতীয়বাদী দল বিএনপি হারার জন্যই আপনার মতই চামচাই যথেষ্ট,neutral,0.0,0,0
Before Election,118,"এবার যদি বিএনপি সরকার গঠন করে, বুঝতে হবে দেশের মানুষের রুচির পরিবর্তন হয়নাই।",এবার যদি বিএনপি সরকার গঠন করে বুঝতে হবে দেশের মানুষের রুচির পরিবর্তন হয়নাই,neutral,0.0,0,0
Before Election,119,নব্য স্বৈরাচারকে আইনের আওতায় আনা হোক,নব্য স্বৈরাচারকে আইনের আওতায় আনা হোক,neutral,0.0,0,0
Before Election,120,"উনি কি বাংলাদেশী, আমার বিশ্বাস হয় না।",উনি কি বাংলাদেশী আমার বিশ্বাস হয় না,neutral,0.0,0,0
Before Election,121,কলিকাতা হারবাল এর ঔষধ ইহো কলে শান্তি পরকালে মুক্তি,কলিকাতা হারবাল এর ঔষধ ইহো কলে শান্তি পরকালে মুক্তি,positive,0.125,1,0
Before Election,122,কিভাবে এই সকল লোকদেরকে বাংলাদেশের জনগণ জনপ্রতিনিধি হিসেবে নির্বাচিত করবেন?,কিভাবে এই সকল লোকদেরকে বাংলাদেশের জনগণ জনপ্রতিনিধি হিসেবে নির্বাচিত করবেন,neutral,0.0,0,0
Before Election,123,দেশ এদের বাপের সম্প্রতি,দেশ এদের বাপের সম্প্রতি,neutral,0.0,0,0
Before Election,124,পুলিশ প্রশাসক কি করতেছে তাকে গ্রেফতার কেন করতেছে না,পুলিশ প্রশাসক কি করতেছে তাকে গ্রেফতার কেন করতেছে না,neutral,0.0,0,0
Before Election,125,সার্টিফিকেট বিক্রিতে কেউ পিছিয়ে নেই,সার্টিফিকেট বিক্রিতে কেউ পিছিয়ে নেই,neutral,0.0,0,0
Before Election,126,বিম্পির নেতা বলতেছে জান্নাতের টিকিট কনফার্ম তাদের ভোট দিলে,বিম্পির নেতা বলতেছে জান্নাতের টিকিট কনফার্ম তাদের ভোট দিলে,neutral,0.0,0,0
Before Election,127,দেখেন যা ভালো বুঝেন বদ্দারা,দেখেন যা ভালো বুঝেন বদ্দারা,positive,0.2,1,0
Before Election,128,ভোটের আগেই আসল রুপ দেখিয়ে দিলে,ভোটের আগেই আসল রুপ দেখিয়ে দিলে,neutral,0.0,0,0
Before Election,129,এইসব ফালতু কথা কর্মের জন্য বিএনপির ভোট নাই তাও আরও কমছে,এইসব ফালতু কথা কর্মের জন্য বিএনপির ভোট নাই তাও আরও কমছে,neutral,0.0,0,0
Before Election,130,"ঐ এলাকার সকল মানুষ মনে মহিলা। সবাই মনে হয় চুরি পরে ঘরে বসে থাকে, আর ঐ চাঁদাবাজ নেতা তাদের খাওয়া পরার ব্যবস্থা করে। তাই এত বড় কথা।",ঐ এলাকার সকল মানুষ মনে মহিলা সবাই মনে হয় চুরি পরে ঘরে বসে থাকে আর ঐ চাঁদাবাজ নেতা তাদের খাওয়া পরার ব্যবস্থা করে তাই এত বড় কথা,negative,-0.05555555555555555,0,1
Before Election,131,"প্রকাশ্যে এরকম হুমকি, তার বিরুদ্ধে ইসি ব্যবস্থা নিয়েছে কি? জানা থাকলে জানাবেন।",প্রকাশ্যে এরকম হুমকি তার বিরুদ্ধে ইসি ব্যবস্থা নিয়েছে কি জানা থাকলে জানাবেন,neutral,0.0,0,0
Before Election,132,হাসিনার থেকে কম কোথায় এই দলে,হাসিনার থেকে কম কোথায় এই দলে,neutral,0.0,0,0
Before Election,133,রাজনীতির মাঠে ধর্ম ব্যবসার প্রতিযোগিতা চলছে মনে হয়!!!,রাজনীতির মাঠে ধর্ম ব্যবসার প্রতিযোগিতা চলছে মনে হয়,neutral,0.0,0,0
Before Election,134,লাল পানি বেশ খেয়েছে,লাল পানি বেশ খেয়েছে,neutral,0.0,0,0
Before Election,135,ধানের তো হাল্লা নাই জান্নাতে কেমনে যাবে?,ধানের তো হাল্লা নাই জান্নাতে কেমনে যাবে,neutral,0.0,0,0
Before Election,136,তুই কোন চ্যাটের বাল যে তোর ভয়ে অন্য কোথাও ভোট দেওয়া যাবে না,তুই কোন চ্যাটের বাল যে তোর ভয়ে অন্য কোথাও ভোট দেওয়া যাবে না,neutral,0.0,0,0
Before Election,137,আগে শুনতাম জামাত ধর্ম ব্যবসায়ী এতো দেখছি পাক্কা মওলানা,আগে শুনতাম জামাত ধর্ম ব্যবসায়ী এতো দেখছি পাক্কা মওলানা,neutral,0.0,0,0
Before Election,138,গাজা গোর জান্নাত কনফার্ম,গাজা গোর জান্নাত কনফার্ম,neutral,0.0,0,0
Before Election,139,রাজনিতির নেশায় এদের ঈমান নষ্ট হয়ে গেছে,রাজনিতির নেশায় এদের ঈমান নষ্ট হয়ে গেছে,neutral,0.0,0,0
Before Election,140,বিএনপি কে পচাইছে এসব নেতারা,বিএনপি কে পচাইছে এসব নেতারা,neutral,0.0,0,0
Before Election,141,তাহলে ভোটের দরকার কি? গদিতে বসলেই হয়।,তাহলে ভোটের দরকার কি গদিতে বসলেই হয়,neutral,0.0,0,0
Before Election,142,পাগলের সুখ নাকি মনে মনে এই পাগলামি নির্বাচনের পরে কোথায় থাকবে আপনার,পাগলের সুখ নাকি মনে মনে এই পাগলামি নির্বাচনের পরে কোথায় থাকবে আপনার,neutral,0.0,0,0
Before Election,143,কিসের বি এন পি পাবে ৪২০ আসন,কিসের বি এন পি পাবে আসন,neutral,0.0,0,0
Before Election,144,তাহলে আর নির্বাচন দরকার কি।,তাহলে আর নির্বাচন দরকার কি,neutral,0.0,0,0
Before Election,145,চান্দাব্বাস হাদী হত্যা ভূমিকায় অপরিসীম।,চান্দাব্বাস হাদী হত্যা ভূমিকায় অপরিসীম,negative,-0.2,0,1
Before Election,146,"বিচারের দাবি নাই, তাই আপাকে দেশে না এনে দাদাদের কাছেই রাখতে চায়!! নতুন বন্দোবস্ত",বিচারের দাবি নাই তাই আপাকে দেশে না এনে দাদাদের কাছেই রাখতে চায় নতুন বন্দোবস্ত,neutral,0.0,0,0
Before Election,147,বিনপি তো আওমীলিগ সাথে নিতে ছে,বিনপি তো আওমীলিগ সাথে নিতে ছে,neutral,0.0,0,0
Before Election,148,"আপনারাই তো হাসিনার পক্ষে কথা বলেন,,এখন সুর বদল হইছে",আপনারাই তো হাসিনার পক্ষে কথা বলেন এখন সুর বদল হইছে,neutral,0.0,0,0
Before Election,149,কিরে এত সহজে বাইরে গেল ভাষণ,কিরে এত সহজে বাইরে গেল ভাষণ,neutral,0.0,0,0
Before Election,150,চাঁন্দা আব্বাস,চাঁন্দা আব্বাস,neutral,0.0,0,0
Before Election,151,কাকু সময় বদলাইছে ওহন পাব্লিক আগের পুরানা নষ্ট খাবার খায় না,কাকু সময় বদলাইছে ওহন পাব্লিক আগের পুরানা নষ্ট খাবার খায় না,neutral,0.0,0,0
Before Election,152,মির্জা আব্বাস হল  বিএনপি'র মীরজাফর,মির্জা আব্বাস হল বিএনপি র মীরজাফর,neutral,0.0,0,0
Before Election,153,দাদু গিরগিটির মতো রং চেঞ্জ করো না তোমাদের মুখে একটা অন্তরে আরেকটা,দাদু গিরগিটির মতো রং চেঞ্জ করো না তোমাদের মুখে একটা অন্তরে আরেকটা,neutral,0.0,0,0
Before Election,154,তোরে কে ভোট দিবো,তোরে কে ভোট দিবো,neutral,0.0,0,0
Before Election,155,গডফাদার,গডফাদার,neutral,0.0,0,0
Before Election,156,বাটপার,বাটপার,neutral,0.0,0,0
Before Election,157,এ-র জন্যই হাদিকে সরিয়ে দিয়েছিস,এ র জন্যই হাদিকে সরিয়ে দিয়েছিস,neutral,0.0,0,0
Before Election,158,চান্দাব্বাস,চান্দাব্বাস,neutral,0.0,0,0
Before Election,159,ঢাকা -৮ এ চান্দাবাজ এর স্থান আর হবে না ইনশাআল্লাহ,ঢাকা এ চান্দাবাজ এর স্থান আর হবে না ইনশাআল্লাহ,negative,-0.25,0,1
Before Election,160,চান্দাব্বাছ,চান্দাব্বাছ,neutral,0.0,0,0
Before Election,161,হাসিনাকে তোমরা নিয়ে আসবা,হাসিনাকে তোমরা নিয়ে আসবা,neutral,0.0,0,0
Before Election,162,"আপনার দলই তো, আওয়ামী লীগ কে দলে এডপ্ট করতেছে।
হ্লা ফ্লাউল",আপনার দলই তো আওয়ামী লীগ কে দলে এডপ্ট করতেছে হ্লা ফ্লাউল,neutral,0.0,0,0
Before Election,163,ভারতীয় রং আপনারা নিজেরাই গায়ে লাগিয়ে গুরতেছেন,ভারতীয় রং আপনারা নিজেরাই গায়ে লাগিয়ে গুরতেছেন,neutral,0.0,0,0
Before Election,164,"জনগণ কে সিদ্ধান্ত নিতে দিন , আপনারা বাধা দিচ্ছেন কেন ?",জনগণ কে সিদ্ধান্ত নিতে দিন আপনারা বাধা দিচ্ছেন কেন,neutral,0.0,0,0
Before Election,165,"কালার না সত্যি, নিজের বংশের কিছু লোক কে এমন দেখলাম। আর কারে কি বলবো।",কালার না সত্যি নিজের বংশের কিছু লোক কে এমন দেখলাম আর কারে কি বলবো,neutral,0.0,0,0
Before Election,166,আপনি তো হাদিকে মারচেন আল্লাহ বিচার করবেন ইংশাললাহ অপেক্ষায় থাকেন,আপনি তো হাদিকে মারচেন আল্লাহ বিচার করবেন ইংশাললাহ অপেক্ষায় থাকেন,neutral,0.0,0,0
Before Election,167,মীরজা ওবায়দুল কাদের,মীরজা ওবায়দুল কাদের,neutral,0.0,0,0
Before Election,168,চান্দা আব্বাস।‌।,চান্দা আব্বাস,neutral,0.0,0,0
Before Election,169,"ঢাকা ৮ এর জনগণ, অবশ্যই হাদী ভাই এর হত্যার বিচার করবে, চান্দাব্বাসকে হারিয়ে",ঢাকা এর জনগণ অবশ্যই হাদী ভাই এর হত্যার বিচার করবে চান্দাব্বাসকে হারিয়ে,neutral,0.0,0,0
Before Election,170,,,neutral,0.0,0,0
Before Election,171,সব আওয়ামী লীগ তো বিএনপিতে যোগ দিতাছে।,সব আওয়ামী লীগ তো বিএনপিতে যোগ দিতাছে,neutral,0.0,0,0
Before Election,172,আব্বাস কাকু মির্জা ফখরুল সাহেব কি বলে আওয়ামী লীগের ভোট চায় উনাদের নামে মামলা থাকবে না আর আপনি কি বলেন সেই আওয়ামী লীগের মতো শুরু করেছেন আপনারা এক একজন এক একটা নাটক করেন এক এক সময়,আব্বাস কাকু মির্জা ফখরুল সাহেব কি বলে আওয়ামী লীগের ভোট চায় উনাদের নামে মামলা থাকবে না আর আপনি কি বলেন সেই আওয়ামী লীগের মতো শুরু করেছেন আপনারা এক একজন এক একটা নাটক করেন এক এক সময়,negative,-0.041666666666666664,0,1
Before Election,173,চাঁন্দা ভাইকে বর্জন করুন,চাঁন্দা ভাইকে বর্জন করুন,neutral,0.0,0,0
Before Election,174,মির্জা আব্বাস সাহেব আপনি।  হাদীকে আপনি থ্রেড দিয়েছিলেন কেন তাকে কেন বলেছিলেন যে তুমি কখনো ওয়ার্ড কাউন্সিলার হয়েছিলে,মির্জা আব্বাস সাহেব আপনি হাদীকে আপনি থ্রেড দিয়েছিলেন কেন তাকে কেন বলেছিলেন যে তুমি কখনো ওয়ার্ড কাউন্সিলার হয়েছিলে,neutral,0.0,0,0
Before Election,175,,,neutral,0.0,0,0
Before Election,176,ব্যাংকের মালিক হইলা কেমনে।,ব্যাংকের মালিক হইলা কেমনে,neutral,0.0,0,0
Before Election,177,চান্দাবাজদের বয়কট করেছে বাংলাদেশের ছাত্র সমাজ। তার প্রমাণ ছয়টা বিশ্ববিদ্যালয়ের ছাত্র সংসদ ভোটের রেজাল্ট।,চান্দাবাজদের বয়কট করেছে বাংলাদেশের ছাত্র সমাজ তার প্রমাণ ছয়টা বিশ্ববিদ্যালয়ের ছাত্র সংসদ ভোটের রেজাল্ট,neutral,0.0,0,0
Before Election,178,"নতুন আরেকটি রঙ আবিস্কার বলো, ভারতীয় রঙ",নতুন আরেকটি রঙ আবিস্কার বলো ভারতীয় রঙ,neutral,0.0,0,0
Before Election,179,দুর হালা খবিস,দুর হালা খবিস,neutral,0.0,0,0
Before Election,180,দূর্নিতির বর পুত্র,দূর্নিতির বর পুত্র,neutral,0.0,0,0
Before Election,181,আওয়ামী লীগ পুনর্বাসনের কাজ চলছে,আওয়ামী লীগ পুনর্বাসনের কাজ চলছে,neutral,0.0,0,0
Before Election,182,কাকু এতদিন কি করছেন,কাকু এতদিন কি করছেন,neutral,0.0,0,0
Before Election,183,সে একটা ছেলে নয়! নাসির উদ্দিন পাটোয়ারী নির্বাচিত হয়ে স্বরাষ্ট্রমন্ত্রী ইনশাল্লাহ!,সে একটা ছেলে নয় নাসির উদ্দিন পাটোয়ারী নির্বাচিত হয়ে স্বরাষ্ট্রমন্ত্রী ইনশাল্লাহ,neutral,0.0,0,0
Before Election,184,হাদীর বিচার চাইলে চান্দাব্বাসদের হটাতে হবে৷,হাদীর বিচার চাইলে চান্দাব্বাসদের হটাতে হবে৷,neutral,0.0,0,0
Before Election,185,চাঁদাবাজ ও সন্ত্রাস ভূমিধস দুর্নীতি ৫চ্যামফিয়ান দলকে না বলুন,চাঁদাবাজ ও সন্ত্রাস ভূমিধস দুর্নীতি চ্যামফিয়ান দলকে না বলুন,negative,-0.2857142857142857,0,2
Before Election,186,চান্দা বাবার মুখে ধর্মের বুলি,চান্দা বাবার মুখে ধর্মের বুলি,neutral,0.0,0,0
Before Election,187,চান্দা ভাই,চান্দা ভাই,neutral,0.0,0,0
Before Election,188,চান্দা আব্বাস এবার জামানত হারাবি রে আগেই রেন্ডিয়ার ভিষা রেডি রাখ,চান্দা আব্বাস এবার জামানত হারাবি রে আগেই রেন্ডিয়ার ভিষা রেডি রাখ,neutral,0.0,0,0
Before Election,189,17 বছর ভণ্ডামি করছো।।।,বছর ভণ্ডামি করছো,neutral,0.0,0,0
Before Election,190,এক নামবার চান্দাবাস,এক নামবার চান্দাবাস,neutral,0.0,0,0
Before Election,191,মির্জা আব্বাস হাদী হত্যাই জড়িত তার কথার বুঝা যায়,মির্জা আব্বাস হাদী হত্যাই জড়িত তার কথার বুঝা যায়,neutral,0.0,0,0
Before Election,192,চান্দাব্বাস। হাদী হত্যার সাথে জড়িত।,চান্দাব্বাস হাদী হত্যার সাথে জড়িত,neutral,0.0,0,0
Before Election,193,চান্দাবাজ হটাও দেশ বাঁচাও,চান্দাবাজ হটাও দেশ বাঁচাও,negative,-0.25,0,1
Before Election,194,তাহলে আব্বাস ভাই আপনি ফখরুল সাহেব কে বুঝান,তাহলে আব্বাস ভাই আপনি ফখরুল সাহেব কে বুঝান,neutral,0.0,0,0
Before Election,195,তুমাকেও আমরা চাই না।এবার শুধু জামাত,তুমাকেও আমরা চাই না এবার শুধু জামাত,neutral,0.0,0,0
Before Election,196,চাঁদ্দাব্বাস,চাঁদ্দাব্বাস,neutral,0.0,0,0
Before Election,197,টাকার বদলে আওয়ামী লীগ দিয়েই তো দলটা পরিচালনা করছেন আপনারা,টাকার বদলে আওয়ামী লীগ দিয়েই তো দলটা পরিচালনা করছেন আপনারা,neutral,0.0,0,0
Before Election,198,ধামরা চান্দা আব্বাস বিএনপি র পতনের কারন হবে।,ধামরা চান্দা আব্বাস বিএনপি র পতনের কারন হবে,neutral,0.0,0,0
Before Election,199,চাঁন্দাবাসকে রিমান্ডে নিলেই হাদি হ*ত্যার প্রকৃত সত্য বেরিয়ে আসবে।,চাঁন্দাবাসকে রিমান্ডে নিলেই হাদি হ ত্যার প্রকৃত সত্য বেরিয়ে আসবে,neutral,0.0,0,0
Before Election,200,নৌকা R ধানের শিস দুই শাপের একি বিশ,নৌকা r ধানের শিস দুই শাপের একি বিশ,neutral,0.0,0,0
Before Election,201,চাদা আব্বাস,চাদা আব্বাস,neutral,0.0,0,0
Before Election,202,চান্দাব্বাস,চান্দাব্বাস,neutral,0.0,0,0
Before Election,203,চান্দা আব্বাস,চান্দা আব্বাস,neutral,0.0,0,0
Before Election,204,বুড়া বয়সেও ক্লিন সেভ,বুড়া বয়সেও ক্লিন সেভ,neutral,0.0,0,0
Before Election,205,হাস্যকর ডায়লগ আপনাদের এই কথা কাউকে বিশ্বাস করেনা।,হাস্যকর ডায়লগ আপনাদের এই কথা কাউকে বিশ্বাস করেনা,neutral,0.0,0,0
Before Election,206,পরিবারতন্ত্রকে না বলুন।,পরিবারতন্ত্রকে না বলুন,neutral,0.0,0,0
Before Election,207,আপনাকে সবাই চান্দাবাজ বলে কেনো',আপনাকে সবাই চান্দাবাজ বলে কেনো,negative,-0.2,0,1
Before Election,208,চুরি করে চোর,চুরি করে চোর,negative,-0.5,0,1
Before Election,209,,,neutral,0.0,0,0
Before Election,210,আল্লামা মির্জা আব্বাস ওরফে চান্দা আব্বাস,আল্লামা মির্জা আব্বাস ওরফে চান্দা আব্বাস,neutral,0.0,0,0
Before Election,211,মির্জা পরিবার কে আর নয়,মির্জা পরিবার কে আর নয়,neutral,0.0,0,0
Before Election,212,বিএনপি একটা জোকার দলে পরিনত হইছে,বিএনপি একটা জোকার দলে পরিনত হইছে,neutral,0.0,0,0
Before Election,213,ওরে বাটপার চান্দা আব্বাস,ওরে বাটপার চান্দা আব্বাস,neutral,0.0,0,0
Before Election,214,ভোটের পরে বুঝা যাবে।,ভোটের পরে বুঝা যাবে,neutral,0.0,0,0
Before Election,215,বাংলাদেশ এ ডুকতে হলে চাঁন্দা দিয়ে ডুকতে হবে,বাংলাদেশ এ ডুকতে হলে চাঁন্দা দিয়ে ডুকতে হবে,neutral,0.0,0,0
Before Election,216,চাপা মেরে লাভ নেই বাংলার জনগণ তোমাকে আর গ্রহণ করবে না,চাপা মেরে লাভ নেই বাংলার জনগণ তোমাকে আর গ্রহণ করবে না,neutral,0.0,0,0
Before Election,217,আব্বাস উদ্দিন এম পি হওয়া শ্যাস  সোনার বাংলাদেশ,আব্বাস উদ্দিন এম পি হওয়া শ্যাস সোনার বাংলাদেশ,neutral,0.0,0,0
Before Election,218,পৃথিবীতে সবচেয়ে সুখী মানুষ বিএনপির সকল কর্মী কারন তাদের কোনো লজ্জা শরম নাই ।,পৃথিবীতে সবচেয়ে সুখী মানুষ বিএনপির সকল কর্মী কারন তাদের কোনো লজ্জা শরম নাই,neutral,0.0,0,0
Before Election,219,খান্কিরছেলে কয় কি রে,খান্কিরছেলে কয় কি রে,neutral,0.0,0,0
Before Election,220,আব্বাস হাদী হত্যাকারীর পরিকল্পনাকারী,আব্বাস হাদী হত্যাকারীর পরিকল্পনাকারী,neutral,0.0,0,0
Before Election,221,জামাতের জনপ্রিয়তা দেখে বিএনপি'র নেতারা ভুলভাল বকছে।,জামাতের জনপ্রিয়তা দেখে বিএনপি র নেতারা ভুলভাল বকছে,neutral,0.0,0,0
Before Election,222,পাগল হয়ে গেছে,পাগল হয়ে গেছে,neutral,0.0,0,0
Before Election,223,কত বড় মাপের মাদার বোড ভাবা যায়,কত বড় মাপের মাদার বোড ভাবা যায়,neutral,0.0,0,0
Before Election,224,"বিএনপি'র লোকজন পাগল হয়ে গেছে, আর পাগল মানুষ কখনো দেশ চালাতে পারে না",বিএনপি র লোকজন পাগল হয়ে গেছে আর পাগল মানুষ কখনো দেশ চালাতে পারে না,neutral,0.0,0,0
Before Election,225,"বিএনপি নেতারা পাগল হয়ে গেছে ক্ষমতার লোভে, আল্লাহ যেন তাদেরকে হেদায়েত দান করেন",বিএনপি নেতারা পাগল হয়ে গেছে ক্ষমতার লোভে আল্লাহ যেন তাদেরকে হেদায়েত দান করেন,neutral,0.0,0,0
Before Election,226,ভোট চাওয়ার নতুন নতুন টেকনিক। আহারে পাগলা জাতি আর কত খিদে দেখাবি।,ভোট চাওয়ার নতুন নতুন টেকনিক আহারে পাগলা জাতি আর কত খিদে দেখাবি,neutral,0.0,0,0
Before Election,227,এরা আওয়ামী লীগের চেয়েও বড় সৈরাচার হবে,এরা আওয়ামী লীগের চেয়েও বড় সৈরাচার হবে,neutral,0.0,0,0
Before Election,228,"বিএনপি শুধু এদের মতন কুলাঙ্গারি তৈরি করছে, ভালো মানুষ তৈরি করতে পারে নাই।",বিএনপি শুধু এদের মতন কুলাঙ্গারি তৈরি করছে ভালো মানুষ তৈরি করতে পারে নাই,positive,0.1,1,0
Before Election,229,কুত্তার বাচ্চা দের বাটপারি কথাবার্তা শেষ হয় না,কুত্তার বাচ্চা দের বাটপারি কথাবার্তা শেষ হয় না,neutral,0.0,0,0
Before Election,230,এই শালারা নেতার যোগ্যতা রাখে না,এই শালারা নেতার যোগ্যতা রাখে না,neutral,0.0,0,0
Before Election,231,বিএনপির নেতাদের বক্তব্য কারনে এই নির্বাচন হারবে এই কথা টা এই নেতারা বুঝতে পারে না,বিএনপির নেতাদের বক্তব্য কারনে এই নির্বাচন হারবে এই কথা টা এই নেতারা বুঝতে পারে না,neutral,0.0,0,0
Before Election,232,আমি ব্যক্তিগতভাবে মনে করতাম তারেক রহমান সাহেব অনেক মেধাবী। এখন দেখতেছি তার মাথায় গোবর ছাড়া কিছু নাই। যে কথা বললে দলের লাভের চেয়ে ক্ষতি হবে।সে কথা জামায়াতের আমির কেন বলতে যাবে?,আমি ব্যক্তিগতভাবে মনে করতাম তারেক রহমান সাহেব অনেক মেধাবী এখন দেখতেছি তার মাথায় গোবর ছাড়া কিছু নাই যে কথা বললে দলের লাভের চেয়ে ক্ষতি হবে সে কথা জামায়াতের আমির কেন বলতে যাবে,neutral,0.0,0,0
Before Election,233,ছাপড়িদের লিডার,ছাপড়িদের লিডার,neutral,0.0,0,0
Before Election,234,কয় জায়গায় সামাল দিবে এরকম জয় বাংলা স্লোগান শত শত দেওয়া বিএনপি আছে,কয় জায়গায় সামাল দিবে এরকম জয় বাংলা স্লোগান শত শত দেওয়া বিএনপি আছে,positive,0.08333333333333333,1,0
Before Election,235,বিএনপি মানে আওয়ামী লীগ আওয়ামী লীগ মানে বিএনপি সুতরাং নো প্রবলেম।,বিএনপি মানে আওয়ামী লীগ আওয়ামী লীগ মানে বিএনপি সুতরাং নো প্রবলেম,neutral,0.0,0,0
Before Election,236,আওয়ামী লীগ তাদের রক্তে ধানে বাচাইব তাদের জান,আওয়ামী লীগ তাদের রক্তে ধানে বাচাইব তাদের জান,neutral,0.0,0,0
Before Election,237,বিএনপি এখন দেউলিয়া হয়ে গেছে যার কারণে মাথা খারাপ হয়ে গেছে,বিএনপি এখন দেউলিয়া হয়ে গেছে যার কারণে মাথা খারাপ হয়ে গেছে,negative,-0.125,0,1
Before Election,238,আয়রে তারিখে দুই নম্বরে কাজ করস তারিখ ঘোষণা বাট পাড়ি দেন ঠাম্বাচ খাম্বাচোর তারিখে চোরা খাম্বা চোর,আয়রে তারিখে দুই নম্বরে কাজ করস তারিখ ঘোষণা বাট পাড়ি দেন ঠাম্বাচ খাম্বাচোর তারিখে চোরা খাম্বা চোর,negative,-0.058823529411764705,0,1
Before Election,239,ছাত্রদলে টুকাই এ ভরপুর,ছাত্রদলে টুকাই এ ভরপুর,neutral,0.0,0,0
Before Election,240,"পদে নাই, বডিটা আসছে আরকি",পদে নাই বডিটা আসছে আরকি,neutral,0.0,0,0
Before Election,241,"ঐটা সেন্ট্রাল হবেনা, মেন্টাল ছাত্রদল হবে",ঐটা সেন্ট্রাল হবেনা মেন্টাল ছাত্রদল হবে,neutral,0.0,0,0
Before Election,242,উনি সত্যিই মেন্টাল নেতা,উনি সত্যিই মেন্টাল নেতা,neutral,0.0,0,0
Before Election,243,ভাই ভুল করে টেম্পো স্টান মনে করে চলে আসছে,ভাই ভুল করে টেম্পো স্টান মনে করে চলে আসছে,neutral,0.0,0,0
Before Election,244,সেন্ট্রাল থেকে মেন্টাল কোনটা বাদ যাবে না,সেন্ট্রাল থেকে মেন্টাল কোনটা বাদ যাবে না,neutral,0.0,0,0
Before Election,245,ও মেন্ট্রাল এর দলে আছে-- সেন্ট্রাল এর না,ও মেন্ট্রাল এর দলে আছে সেন্ট্রাল এর না,neutral,0.0,0,0
Before Election,246,গাঁজার দাম কি সস্তা হয়েছে,গাঁজার দাম কি সস্তা হয়েছে,neutral,0.0,0,0
Before Election,247,,,neutral,0.0,0,0
Before Election,248,চেহারাতেই মেন্টাল ছাত্রদল ভাব আছে,চেহারাতেই মেন্টাল ছাত্রদল ভাব আছে,neutral,0.0,0,0
Before Election,249,বি‌শেষ খাবার খে‌য়ে আস‌ছে উনি। গ‌ঞ্জিকা,বি শেষ খাবার খে য়ে আস ছে উনি গ ঞ্জিকা,neutral,0.0,0,0
After Election,0,ইশরাক এর কতবার ভোট চুরি করতে হবে?,ইশরাক এর কতবার ভোট চুরি করতে হবে,neutral,0.0,0,0
After Election,1,বিএনপির একটু বেশি বাড়াবাড়ি হয়ে যাচ্ছে মনে হয় আঙুলের কালি উঠে যাওয়া আগেই ক্ষমতা জয় বাংলা হয়ে যাবে,বিএনপির একটু বেশি বাড়াবাড়ি হয়ে যাচ্ছে মনে হয় আঙুলের কালি উঠে যাওয়া আগেই ক্ষমতা জয় বাংলা হয়ে যাবে,positive,0.06666666666666667,1,0
After Election,2,সামনের দরজা দিয়ে ডুকিয়ে পিছনের দরজা দিয়ে বাহির করার নামই বি এন পির গুলামি কারা,সামনের দরজা দিয়ে ডুকিয়ে পিছনের দরজা দিয়ে বাহির করার নামই বি এন পির গুলামি কারা,neutral,0.0,0,0
After Election,3,"তাহলে কি দাঁড়ালো আইন তার নিজস্ব গতিতে চলল না,,, যখন যে দল ক্ষমতায় তার দলে চলবে,,,",তাহলে কি দাঁড়ালো আইন তার নিজস্ব গতিতে চলল না যখন যে দল ক্ষমতায় তার দলে চলবে,neutral,0.0,0,0
After Election,4,"লাভ নাই,,,ইশরাক কাকু উইন",লাভ নাই ইশরাক কাকু উইন,neutral,0.0,0,0
After Election,5,বিপ্লব যে সামনে আর একটা এতে কোনো সন্দেহ নেই।,বিপ্লব যে সামনে আর একটা এতে কোনো সন্দেহ নেই,neutral,0.0,0,0
After Election,6,"যে দেশের বিচার আর শাসন ব্যবস্থা রাজনৈতিক ভাবে হয়, সে দেশে কখনোই কাঙ্খিত বিচার সাধারন জনগন পাবে না",যে দেশের বিচার আর শাসন ব্যবস্থা রাজনৈতিক ভাবে হয় সে দেশে কখনোই কাঙ্খিত বিচার সাধারন জনগন পাবে না,neutral,0.0,0,0
After Election,7,,,neutral,0.0,0,0
After Election,8,"নির্বাচন পরবর্তী একেকটা কর্মকাণ্ড দিয়ে বিএনপি বারবার প্রমাণ করেছে তারা জাতীয় বেইমান। তারা বেইমানি করছে জুলাই অভ্যুত্থানের শহীদদের সাথে, তারা বেইমানি করছে পুরা জাতির সাথে।",নির্বাচন পরবর্তী একেকটা কর্মকাণ্ড দিয়ে বিএনপি বারবার প্রমাণ করেছে তারা জাতীয় বেইমান তারা বেইমানি করছে জুলাই অভ্যুত্থানের শহীদদের সাথে তারা বেইমানি করছে পুরা জাতির সাথে,negative,-0.1875,0,3
After Election,9,দিল্লির এজেন্ডা বাস্তবায়ন করা হচ্ছে,দিল্লির এজেন্ডা বাস্তবায়ন করা হচ্ছে,neutral,0.0,0,0
After Election,10,জুলাই হত্যাকান্ড আর গুমের বিচারের আপাতত এখানেই সমাপ্তি লোকদেখানো কিছু ট্রায়াল হতে পারে,জুলাই হত্যাকান্ড আর গুমের বিচারের আপাতত এখানেই সমাপ্তি লোকদেখানো কিছু ট্রায়াল হতে পারে,neutral,0.0,0,0
After Election,11,জামায়াত বসিয়েছিল এখন বিএনপি সরিয়ে দিয়েছে সহজ কথা।,জামায়াত বসিয়েছিল এখন বিএনপি সরিয়ে দিয়েছে সহজ কথা,neutral,0.0,0,0
After Election,12,সমঝোতার বাংলাদেশে আপনাকে স্বাগতম।।,সমঝোতার বাংলাদেশে আপনাকে স্বাগতম,neutral,0.0,0,0
After Election,13,তারেক রহমান কি করতে চায় সেটা দেখা যাক,তারেক রহমান কি করতে চায় সেটা দেখা যাক,neutral,0.0,0,0
After Election,14,বিএনপির কাছে ভালো ও সৎ লোকের জায়গা নেই। শুরুতে বেইমানি।,বিএনপির কাছে ভালো ও সৎ লোকের জায়গা নেই শুরুতে বেইমানি,neutral,0.0,1,1
After Election,15,"জুলাইয়ের গণঅভ্যুত্থান ভুল ছিলো কুকুরের লেজ কখনো সোজা হয় না, সাধারণ মানুষের লাসের উপর প্রধানমন্ত্রী হয়ে এখন তাদের ই চিনে না",জুলাইয়ের গণঅভ্যুত্থান ভুল ছিলো কুকুরের লেজ কখনো সোজা হয় না সাধারণ মানুষের লাসের উপর প্রধানমন্ত্রী হয়ে এখন তাদের ই চিনে না,neutral,0.0,0,0
After Election,16,অদৃশ্য শক্তি কাজ করতেছে প্রশাসনে,অদৃশ্য শক্তি কাজ করতেছে প্রশাসনে,neutral,0.0,0,0
After Election,17,লায়ক লন্ডনে বসে যুদ্ধ করছে,লায়ক লন্ডনে বসে যুদ্ধ করছে,neutral,0.0,0,0
After Election,18,নায়ক নিজেই জানেননা উনি নায়ক ওয়াও!,নায়ক নিজেই জানেননা উনি নায়ক ওয়াও,neutral,0.0,0,0
After Election,19,আলোচনায় আসার কত ধান্দা,আলোচনায় আসার কত ধান্দা,neutral,0.0,0,0
After Election,20,চলিতেছে সার্কাস,চলিতেছে সার্কাস,neutral,0.0,0,0
After Election,21,এসব না করে চাঁদাবাজী বন্ধ করেন আর জনগণের হ্যা ভোট মেনে নেন।,এসব না করে চাঁদাবাজী বন্ধ করেন আর জনগণের হ্যা ভোট মেনে নেন,neutral,0.0,0,0
After Election,22,কত নাটক।,কত নাটক,negative,-0.5,0,1
After Election,23,একদিকে ভদ্রতার মুখোশ অন্যদিকে ষড়যন্ত্রের আর দলীয় করন এসব জাতির সাথে প্রতারণার শামিল।,একদিকে ভদ্রতার মুখোশ অন্যদিকে ষড়যন্ত্রের আর দলীয় করন এসব জাতির সাথে প্রতারণার শামিল,neutral,0.0,0,0
After Election,24,প্রথম প্রথম অনেক কিছুই দেখা যায়,প্রথম প্রথম অনেক কিছুই দেখা যায়,neutral,0.0,0,0
After Election,25,"কোমরের হাড্ডি তো ঠিক থাকতে হবে, শক্ত চেয়ারে বসবে কিভাবে, সেনা বাহিনী যেই মাইরটা দিয়েছিল,",কোমরের হাড্ডি তো ঠিক থাকতে হবে শক্ত চেয়ারে বসবে কিভাবে সেনা বাহিনী যেই মাইরটা দিয়েছিল,positive,0.07692307692307693,1,0
After Election,26,ইন্ডিয়ার মোদীর মতন লোক দেখানো কাজ করে তারেক রহমান,ইন্ডিয়ার মোদীর মতন লোক দেখানো কাজ করে তারেক রহমান,neutral,0.0,0,0
After Election,27,জামায়াতের আমীরের কাছ থেকে অনুপ্রেরণা পেয়েছে,জামায়াতের আমীরের কাছ থেকে অনুপ্রেরণা পেয়েছে,neutral,0.0,0,0
After Election,28,কয়লা ধুলে কি ময়লা যায়,কয়লা ধুলে কি ময়লা যায়,neutral,0.0,0,0
After Election,29,"কোমর টা ভেংগে দিছে সবাই কি সেটা ভুলে গেছে,সাপোর্ট চেয়ার",কোমর টা ভেংগে দিছে সবাই কি সেটা ভুলে গেছে সাপোর্ট চেয়ার,neutral,0.0,0,0
After Election,30,ফোকাসে আসার লাইগা কত ধান্দা,ফোকাসে আসার লাইগা কত ধান্দা,neutral,0.0,0,0
After Election,31,নাটক কম কর প্রিয়,নাটক কম কর প্রিয়,negative,-0.25,0,1
After Election,32,ঋণখেলাপির তালিকার শীর্ষে যে সকল এমপি তাহাদের নিয়ে বলেন,ঋণখেলাপির তালিকার শীর্ষে যে সকল এমপি তাহাদের নিয়ে বলেন,neutral,0.0,0,0
After Election,33,অভিনয়ে সেরা,অভিনয়ে সেরা,positive,0.5,1,0
After Election,34,বিশ্ব রেকর্ড হয়ে গেছে অলরেডি গিনেসরেকর্ড,বিশ্ব রেকর্ড হয়ে গেছে অলরেডি গিনেসরেকর্ড,neutral,0.0,0,0
After Election,35,ছাতার পেধান মন্ত্রী,ছাতার পেধান মন্ত্রী,neutral,0.0,0,0
After Election,36,টয়লেট এ যাওয়ার নিউজ টাও দিস,টয়লেট এ যাওয়ার নিউজ টাও দিস,neutral,0.0,0,0
After Election,37,জাইমা রহমান হাটতেও পারে আগেতো জানতাম না,জাইমা রহমান হাটতেও পারে আগেতো জানতাম না,neutral,0.0,0,0
After Election,38,পরিবার তন্ত্র হচ্ছে না তো ভালো লাগতো জুবায়ের রহমানকে দেখলে,পরিবার তন্ত্র হচ্ছে না তো ভালো লাগতো জুবায়ের রহমানকে দেখলে,positive,0.14285714285714285,1,0
After Election,39,পারিবারিক তান্ত্রিক বানায় ফালাইতেছে রাষ্ট্রীয় যে কোন কাজকর্মকে,পারিবারিক তান্ত্রিক বানায় ফালাইতেছে রাষ্ট্রীয় যে কোন কাজকর্মকে,neutral,0.0,0,0
After Election,40,বিএনপি'র দল টাকে চট্টগ্রামের গডফাদার সালাউদ্দিন আহমেদ শেষ করে দিল,বিএনপি র দল টাকে চট্টগ্রামের গডফাদার সালাউদ্দিন আহমেদ শেষ করে দিল,neutral,0.0,0,0
After Election,41,ম্যানেজ প্রধানমন্ত্রী,ম্যানেজ প্রধানমন্ত্রী,neutral,0.0,0,0
After Election,42,বাংলাদেশের ইতিহাসে সবচেয়ে নিকৃষ্ট অশিক্ষিত বর্বর মন্ত্রীসভা,বাংলাদেশের ইতিহাসে সবচেয়ে নিকৃষ্ট অশিক্ষিত বর্বর মন্ত্রীসভা,neutral,0.0,0,0
After Election,43,বাটপারে বাটপারে মাসতুতো ভাই,বাটপারে বাটপারে মাসতুতো ভাই,neutral,0.0,0,0
After Election,44,বিম্পির আমলে প্রথম ভূমিকম্প টের পাইলাম,বিম্পির আমলে প্রথম ভূমিকম্প টের পাইলাম,neutral,0.0,0,0
After Election,45,"প্রধানমন্ত্রী নিজে ইন্টার পাশ, ধইরা আনে কতগুলা ডিগ্রি পাশ রে",প্রধানমন্ত্রী নিজে ইন্টার পাশ ধইরা আনে কতগুলা ডিগ্রি পাশ রে,neutral,0.0,0,0
After Election,46,উনি নিজে হলেন এইচএসসি পাস।তো উনি যদি সবজায়গা যোগ্য লোককে বসান তাহলে ওনাকেই তো দাম দিবেনা,উনি নিজে হলেন এইচএসসি পাস তো উনি যদি সবজায়গা যোগ্য লোককে বসান তাহলে ওনাকেই তো দাম দিবেনা,neutral,0.0,0,0
After Election,47,"কারন তিনিই তো ইন্টারপাশ, তাই উচ্চশিক্ষিত কাউকে রাখতে চাচ্ছেন নাহ হয়তো",কারন তিনিই তো ইন্টারপাশ তাই উচ্চশিক্ষিত কাউকে রাখতে চাচ্ছেন নাহ হয়তো,neutral,0.0,0,0
After Election,48,যে দেশে ইন্টার পাশ লোক হয়ে প্রধানমন্ত্রী ওই দেশে এফসিএ পাস লোক বাংলাদেশ ব্যাংকের গভর্নর হওয়াটাই তো বিলাসিতা!,যে দেশে ইন্টার পাশ লোক হয়ে প্রধানমন্ত্রী ওই দেশে এফসিএ পাস লোক বাংলাদেশ ব্যাংকের গভর্নর হওয়াটাই তো বিলাসিতা,neutral,0.0,0,0
After Election,49,লুটে খাবে,লুটে খাবে,neutral,0.0,0,0
After Election,50,লুট করবে চোখবন্ধ করে,লুট করবে চোখবন্ধ করে,neutral,0.0,0,0
After Election,51,প্রতিটি মন্ত্রণালয়ে নিজের লেভেলের গরু ছাগল হাঁস মুরগি বসাইতেছে শেষ রাতে মাইর টা খাওয়ার জন্য আর কি,প্রতিটি মন্ত্রণালয়ে নিজের লেভেলের গরু ছাগল হাঁস মুরগি বসাইতেছে শেষ রাতে মাইর টা খাওয়ার জন্য আর কি,neutral,0.0,0,0
After Election,52,,,neutral,0.0,0,0
After Election,53,আই হ্যাভ এ খাম্বা,আই হ্যাভ এ খাম্বা,neutral,0.0,0,0
After Election,54,নূরে টিয়া জালালি হিয়া মুফতী লন্ডনী পীরে খাম্বা,নূরে টিয়া জালালি হিয়া মুফতী লন্ডনী পীরে খাম্বা,neutral,0.0,0,0
After Election,55,"ঋন খেলাপিরাই এখন ব্যাংকের গভর্নর ,,",ঋন খেলাপিরাই এখন ব্যাংকের গভর্নর,neutral,0.0,0,0
After Election,56,বাংলাদেশ ব্যাংক দেউলিয়া হবার পালা,বাংলাদেশ ব্যাংক দেউলিয়া হবার পালা,neutral,0.0,0,0
After Election,57,গভর্নর নিজেই না-কি ঋণখেলাপি,গভর্নর নিজেই না কি ঋণখেলাপি,neutral,0.0,0,0
After Election,58,ব্যাংক এবার জয় বাংলা হবে,ব্যাংক এবার জয় বাংলা হবে,positive,0.25,1,0
After Election,59,এক জন ঋণখেলাপি কে গভর্নর পদে নিয়োগ,এক জন ঋণখেলাপি কে গভর্নর পদে নিয়োগ,neutral,0.0,0,0
After Election,60,তেনা ব্যবসায়ী থেকে বাংলাদেশ ব্যাংক এর আব্বা,তেনা ব্যবসায়ী থেকে বাংলাদেশ ব্যাংক এর আব্বা,neutral,0.0,0,0
After Election,61,ইন্টারপাশ নেতার কাছে এরচেয়ে বেশি যোগ্যতাসম্পন্ন লোক আছে বলে মনে হয় না,ইন্টারপাশ নেতার কাছে এরচেয়ে বেশি যোগ্যতাসম্পন্ন লোক আছে বলে মনে হয় না,neutral,0.0,0,0
After Election,62,তারেক রহমানের চমক এস আলম কোম্পানির আসছে বাংলাদেশ কাপছে,তারেক রহমানের চমক এস আলম কোম্পানির আসছে বাংলাদেশ কাপছে,neutral,0.0,0,0
After Election,63,সব কিছু ই সমঝোতার ভিত্তিতে হইছে,সব কিছু ই সমঝোতার ভিত্তিতে হইছে,neutral,0.0,0,0
After Election,64,সমমান পাশ সমমান কেই টানবে এটাই সাভাবিক,সমমান পাশ সমমান কেই টানবে এটাই সাভাবিক,neutral,0.0,0,0
After Election,65,নিজের শিক্ষার দৌড় যতটুকু ঐ রকম শিক্ষিত লোক বসাচ্ছে সব জায়গায়।,নিজের শিক্ষার দৌড় যতটুকু ঐ রকম শিক্ষিত লোক বসাচ্ছে সব জায়গায়,neutral,0.0,0,0
After Election,66,ইন্টার পাশের দৃষ্টিতে দেখলে অনেক বিদ্বান,ইন্টার পাশের দৃষ্টিতে দেখলে অনেক বিদ্বান,neutral,0.0,0,0
After Election,67,মানি লন্ডারিংয়ে যিনি ভালো মতো করতে পারবেন তাকেই তো রাখা হবে,মানি লন্ডারিংয়ে যিনি ভালো মতো করতে পারবেন তাকেই তো রাখা হবে,positive,0.1111111111111111,1,0
After Election,68,অশিক্ষিত লোকের অশিক্ষিত সিদ্ধান্ত,অশিক্ষিত লোকের অশিক্ষিত সিদ্ধান্ত,neutral,0.0,0,0
After Election,69,ইন্টারপাশ চোদানির সাগরেদ তো ওর মত মূর্খই হবে নাকি?,ইন্টারপাশ চোদানির সাগরেদ তো ওর মত মূর্খই হবে নাকি,neutral,0.0,0,0
After Election,70,ডিসি মাসুদ ওরফে নতুন হারুনের সাজানো নাটক,ডিসি মাসুদ ওরফে নতুন হারুনের সাজানো নাটক,negative,-0.14285714285714285,0,1
After Election,71,ইশরাক রে আমার পিউর জোকার লাগে,ইশরাক রে আমার পিউর জোকার লাগে,neutral,0.0,0,0
After Election,72,বাপের পরিচয়ে এই পর্যন্ত।নিজের ব্যক্তিগত অর্জন কি??,বাপের পরিচয়ে এই পর্যন্ত নিজের ব্যক্তিগত অর্জন কি,neutral,0.0,0,0
After Election,73,মির্জা আব্বাসের দিন শেষ এবার ইশরাকের পালা,মির্জা আব্বাসের দিন শেষ এবার ইশরাকের পালা,neutral,0.0,0,0
After Election,74,চিল্লায়া বাজার পাওন যাইত না রে পাগলা!,চিল্লায়া বাজার পাওন যাইত না রে পাগলা,neutral,0.0,0,0
After Election,75,"কুনুই যোদ্ধা, ঘেরাও নেতা।",কুনুই যোদ্ধা ঘেরাও নেতা,neutral,0.0,0,0
After Election,76,চিল্লায়া বাজার পাওন যাইত না রে পাগলা!,চিল্লায়া বাজার পাওন যাইত না রে পাগলা,neutral,0.0,0,0
After Election,77,বিএনপি'র এইসব নেতাকর্মী রা কনডম বিস্ফোরণে জন্ম নেওয়া,বিএনপি র এইসব নেতাকর্মী রা কনডম বিস্ফোরণে জন্ম নেওয়া,neutral,0.0,0,0
After Election,78,এই ছাগলের তিন নাম্বার বাচ্চা সংসদে গেলো কেমনে,এই ছাগলের তিন নাম্বার বাচ্চা সংসদে গেলো কেমনে,neutral,0.0,0,0
After Election,79,জমিদার পুত্র মাল বেশি খাইয়া ফেলছে মনে হয়,জমিদার পুত্র মাল বেশি খাইয়া ফেলছে মনে হয়,neutral,0.0,0,0
After Election,80,অটো পাশ মেয়র,অটো পাশ মেয়র,neutral,0.0,0,0
After Election,81,চাঁদাবাজার দল,চাঁদাবাজার দল,neutral,0.0,0,0
After Election,82,দুই দিনের ডার্বি!,দুই দিনের ডার্বি,neutral,0.0,0,0
After Election,83,নগর পিতা,নগর পিতা,neutral,0.0,0,0
After Election,84,মেথর,মেথর,neutral,0.0,0,0
After Election,85,চান্দাব্বাস বাদ এবার ইসরাকএর পালা,চান্দাব্বাস বাদ এবার ইসরাকএর পালা,neutral,0.0,0,0
After Election,86,চাঁন্দা ইসরাক,চাঁন্দা ইসরাক,neutral,0.0,0,0
After Election,87,খোকার পোলা বোকা,খোকার পোলা বোকা,neutral,0.0,0,0
After Election,88,"এ অবস্থা বিএনপি ২বছরের বেসি রান করাইতে পারবে না,,",এ অবস্থা বিএনপি বছরের বেসি রান করাইতে পারবে না,neutral,0.0,0,0
After Election,89,এখন কার বি এনপি ×= আবু জাহেল √,এখন কার বি এনপি আবু জাহেল,neutral,0.0,0,0
After Election,90,প্লানের অংশ বিশেষ!,প্লানের অংশ বিশেষ,neutral,0.0,0,0
After Election,91,বিএনপির কি ক্ষমতায় থাকার ইচ্ছা নাই? জনগণ নিরাপদ থাকতে চায় আগে তাদের নিরাপত্তা দিন তারেক রহমান!,বিএনপির কি ক্ষমতায় থাকার ইচ্ছা নাই জনগণ নিরাপদ থাকতে চায় আগে তাদের নিরাপত্তা দিন তারেক রহমান,positive,0.08333333333333333,1,0
After Election,92,চাঁদা তো দিতেই হবে কারণ আমরাই তো ভোট দিয়ে চাঁদাবাজিকে হালাল করে দিছি,চাঁদা তো দিতেই হবে কারণ আমরাই তো ভোট দিয়ে চাঁদাবাজিকে হালাল করে দিছি,neutral,0.0,0,0
After Election,93,সমঝোতামূলক লেনদেন চাঁদা নয়,সমঝোতামূলক লেনদেন চাঁদা নয়,neutral,0.0,0,0
After Election,94,চাঁদাবাজিকে প্রাতিষ্ঠানিক রূপ দিতেই তো কষ্ট করে ভোট দিলাম ৷,চাঁদাবাজিকে প্রাতিষ্ঠানিক রূপ দিতেই তো কষ্ট করে ভোট দিলাম ৷,neutral,0.0,0,0
After Election,95,চান্দা বাজারে ক্ষমতায় বসাইলে তো চাঁদাবাজি হইবোই,চান্দা বাজারে ক্ষমতায় বসাইলে তো চাঁদাবাজি হইবোই,negative,-0.16666666666666666,0,1
After Election,96,সমোঝোতা করে চাঁদা নিন তাহলে বৈধ হবে,সমোঝোতা করে চাঁদা নিন তাহলে বৈধ হবে,neutral,0.0,0,0
After Election,97,সমঝোতার ভিত্তিতে থাপড়ানের অনুমতি কি দেয়া যায় না?,সমঝোতার ভিত্তিতে থাপড়ানের অনুমতি কি দেয়া যায় না,neutral,0.0,0,0
After Election,98,জুলাই গাদ্দার,জুলাই গাদ্দার,negative,-0.5,0,1
After Election,99,গাদ্দার,গাদ্দার,negative,-1.0,0,1
After Election,100,বিএনপির ২০২৮ সালের মধ্যেই গুয়ামারা খাবে,বিএনপির সালের মধ্যেই গুয়ামারা খাবে,neutral,0.0,0,0
After Election,101,জুলাই সনদ বাস্তবায়ন নাহলে  রেমিট্যান্স শা'টডা'উন ঘোষনা প্রবাসীদের,জুলাই সনদ বাস্তবায়ন নাহলে রেমিট্যান্স শা টডা উন ঘোষনা প্রবাসীদের,neutral,0.0,0,0
After Election,102,বিএনপির পতন খুব নিকটে,বিএনপির পতন খুব নিকটে,negative,-0.3333333333333333,0,1
After Election,103,জুলাই কে অস্বীকার করে গণভোট বাদ দিবে। জামায়েত কে তারাও নিষিদ্ধ করবে জুলুম করবে। হাদী ভাই কে মুছে ফেলার চেষ্টা করবে। বিচার হবে না। ডিফেন্স ডিল বাতিল করে ইন্ডিয়ার দাসত্ব করবে।,জুলাই কে অস্বীকার করে গণভোট বাদ দিবে জামায়েত কে তারাও নিষিদ্ধ করবে জুলুম করবে হাদী ভাই কে মুছে ফেলার চেষ্টা করবে বিচার হবে না ডিফেন্স ডিল বাতিল করে ইন্ডিয়ার দাসত্ব করবে,neutral,0.0,0,0
After Election,104,গনভোটের ফল বাতিল হলে শেখ হাসিনা এখনো বাংলাদেশের প্রধানমন্ত্রী আর এই নির্বাচন অবৈধ ঘোষিত হবে।কথা ক্লিয়ার!!!,গনভোটের ফল বাতিল হলে শেখ হাসিনা এখনো বাংলাদেশের প্রধানমন্ত্রী আর এই নির্বাচন অবৈধ ঘোষিত হবে কথা ক্লিয়ার,neutral,0.0,0,0
After Election,105,মাদারবোর্ড খসরু,মাদারবোর্ড খসরু,neutral,0.0,0,0
After Election,106,বিএনপি একটি বিশ্বাসঘাতক দল।,বিএনপি একটি বিশ্বাসঘাতক দল,neutral,0.0,0,0
After Election,107,"ঠিক এই কারণেই বিএনপি,, হাদি ভাইকে হত্যা করেছে,,৷ লিখে রাখেন হাদি ভাইকে মারার পিছনে বিএনপির হাত,, ১০০%",ঠিক এই কারণেই বিএনপি হাদি ভাইকে হত্যা করেছে ৷ লিখে রাখেন হাদি ভাইকে মারার পিছনে বিএনপির হাত,neutral,0.0,1,1
After Election,108,বি এন পি রা সবায় মিলে হাদিকে বাজতে দায় নায় সব শালা খুনি,বি এন পি রা সবায় মিলে হাদিকে বাজতে দায় নায় সব শালা খুনি,neutral,0.0,0,0
After Election,109,আমির খসরু একজন চিহ্নিত দালাল ভারতের,আমির খসরু একজন চিহ্নিত দালাল ভারতের,negative,-0.2,0,1
After Election,110,বিএনপির পতন খুব নিকটে,বিএনপির পতন খুব নিকটে,negative,-0.3333333333333333,0,1
After Election,111,মীর জাফরের জাত এই দল।,মীর জাফরের জাত এই দল,neutral,0.0,0,0
After Election,112,বিএনপি মানে জুলাই বিরোধী ভারত মানে জুলাই বিরোধী স্বৈরাচার মানে জুলাই বিরোধী সাথে গাদ্দারি করে ১৪০০ শহীদের রক্তের সাথে গাদ্দারি করে চল্লিশ হাজার আহত যুদ্ধের সাথে গাদ্দারি করে কোন জালেম বাংলাদেশের ক্ষমতায় টিকে থাকতে পারবে না ইনশাআল্লাহ,বিএনপি মানে জুলাই বিরোধী ভারত মানে জুলাই বিরোধী স্বৈরাচার মানে জুলাই বিরোধী সাথে গাদ্দারি করে শহীদের রক্তের সাথে গাদ্দারি করে চল্লিশ হাজার আহত যুদ্ধের সাথে গাদ্দারি করে কোন জালেম বাংলাদেশের ক্ষমতায় টিকে থাকতে পারবে না ইনশাআল্লাহ,neutral,0.0,0,0
After Election,113,ভারতীয় দালাল গাদ্দার,ভারতীয় দালাল গাদ্দার,negative,-0.6666666666666666,0,2
After Election,114,জুলাই সনদ না মানলে এই নির্বাচনও অবৈধ,জুলাই সনদ না মানলে এই নির্বাচনও অবৈধ,neutral,0.0,0,0
After Election,115,এটা ভারতের বিএনপি,এটা ভারতের বিএনপি,neutral,0.0,0,0
After Election,116,বান চো * প্রথম দিনেই রং দেখাইছে,বান চো প্রথম দিনেই রং দেখাইছে,neutral,0.0,0,0
After Election,117,মির্জাফর বিম্পি,মির্জাফর বিম্পি,neutral,0.0,0,0
After Election,118,বর্তমান বিএনপি মেজর জিয়া ও বেগম জিয়া কারো আদর্শ ধারণ করে না। আর সালাহউদ্দিনের আদর্শ একটাই তা হলো ভারতের গোলামী।,বর্তমান বিএনপি মেজর জিয়া ও বেগম জিয়া কারো আদর্শ ধারণ করে না আর সালাহউদ্দিনের আদর্শ একটাই তা হলো ভারতের গোলামী,neutral,0.0,0,0
After Election,119,সংবিধানে কোথায় ফ্যামিলি কার্ড লেখা আছে জানতে পারি?,সংবিধানে কোথায় ফ্যামিলি কার্ড লেখা আছে জানতে পারি,neutral,0.0,0,0
After Election,120,"বিএনপি এখন আর বাংলাদেশ জাতীয়তাবাদী দল নয়, বর্তমানে এটি ভারতের দালাল আওয়ামিলীগ এর সহচর বিম্পিতে পরিণত হইছে!",বিএনপি এখন আর বাংলাদেশ জাতীয়তাবাদী দল নয় বর্তমানে এটি ভারতের দালাল আওয়ামিলীগ এর সহচর বিম্পিতে পরিণত হইছে,negative,-0.08333333333333333,0,1
After Election,121,সালাউদ্দিনের মত কিছু বাটফার দালালদের কারণে বিএনপির পতন হবে,সালাউদ্দিনের মত কিছু বাটফার দালালদের কারণে বিএনপির পতন হবে,negative,-0.14285714285714285,0,1
After Election,122,ভারত লীগের সংবিধান শিলং সালার পুটকি দিয়ে ভরবে বাংলাদেশের জনগণ,ভারত লীগের সংবিধান শিলং সালার পুটকি দিয়ে ভরবে বাংলাদেশের জনগণ,neutral,0.0,0,0
After Election,123,আমাদের জাতীয় মীরজাফর জাতীয় বাটপার জাতীয়তাবাদ তার নাম বিএনপি,আমাদের জাতীয় মীরজাফর জাতীয় বাটপার জাতীয়তাবাদ তার নাম বিএনপি,neutral,0.0,0,0
After Election,124,বিএনপি জুলাইয়ে সাথে বেইমানি করছে এরজন্য এদের চরম মূল্য দিতে হবে।,বিএনপি জুলাইয়ে সাথে বেইমানি করছে এরজন্য এদের চরম মূল্য দিতে হবে,negative,-0.14285714285714285,0,1
After Election,125,কত বড় দালাল,কত বড় দালাল,negative,-0.3333333333333333,0,1
After Election,126,শুরুতেই বাটপারি,শুরুতেই বাটপারি,neutral,0.0,0,0
After Election,127,"খালেদার বিম্পি আর এখন নেই, এইটা আওয়ামীবিম্পি",খালেদার বিম্পি আর এখন নেই এইটা আওয়ামীবিম্পি,neutral,0.0,0,0
After Election,128,রিয়েল মুনাফেক,রিয়েল মুনাফেক,neutral,0.0,0,0
After Election,129,উনি হচ্ছেন ভারতের ___।  শুধুমাত্র এইচএসসি পাস করা ব্যক্তি শূন্যস্থান পূরণ করুন,উনি হচ্ছেন ভারতের শুধুমাত্র এইচএসসি পাস করা ব্যক্তি শূন্যস্থান পূরণ করুন,neutral,0.0,0,0
After Election,130,ভোট তো এমনিই জাল হইছে বিএনপির মেয়াদ ২ বছর,ভোট তো এমনিই জাল হইছে বিএনপির মেয়াদ বছর,neutral,0.0,0,0
After Election,131,"গনভোটের রায়ের বিপক্ষে নাকি বিএনপি হাইকোর্টে রিট করছে,আজকে থেকে ৪৫ দিন কাউন-ডাউন শুরু করে দেন",গনভোটের রায়ের বিপক্ষে নাকি বিএনপি হাইকোর্টে রিট করছে আজকে থেকে দিন কাউন ডাউন শুরু করে দেন,neutral,0.0,0,0
After Election,132,হ‍্যাঁ” ভোট RIP হইছে।  কখন জানি রেমিট্যান্স RIP হয়,হ ্যাঁ ভোট rip হইছে কখন জানি রেমিট্যান্স rip হয়,neutral,0.0,0,0
After Election,133,খাম্বা তারেক,খাম্বা তারেক,neutral,0.0,0,0
After Election,134,যেমন নেতা তেমন কর্মী : এই জন্য বলতে হয় বিএনপি মানেই মূর্খ মুনাফেক = HSC,যেমন নেতা তেমন কর্মী এই জন্য বলতে হয় বিএনপি মানেই মূর্খ মুনাফেক hsc,neutral,0.0,0,0
After Election,135,আল্লাহর জমিনে এদের বিচার হবে ইনশাআল্লাহ,আল্লাহর জমিনে এদের বিচার হবে ইনশাআল্লাহ,neutral,0.0,0,0
After Election,136,ভোটচোর খাম্বা তারেক।,ভোটচোর খাম্বা তারেক,neutral,0.0,0,0
After Election,137,"সর্বোচ্চ দেড় বছর ,, ভাগ্য ভালো হলে আরো আগেই ।",সর্বোচ্চ দেড় বছর ভাগ্য ভালো হলে আরো আগেই,positive,0.125,1,0
After Election,138,রোজা পড়েই শুরু হবে আন্দোলন।,রোজা পড়েই শুরু হবে আন্দোলন,neutral,0.0,0,0
After Election,139,মাশা-আল্লাহ নজর না লাগুক।সামনে হ্যাট্রিক করবো।,মাশা আল্লাহ নজর না লাগুক সামনে হ্যাট্রিক করবো,neutral,0.0,0,0
After Election,140,চ্যাম্পিয়ানের পথে আরো এক ধাপ এগিয়ে গেলো,চ্যাম্পিয়ানের পথে আরো এক ধাপ এগিয়ে গেলো,neutral,0.0,0,0
After Election,141,চ্যাম্পিয়ন হওয়ার পথে!,চ্যাম্পিয়ন হওয়ার পথে,neutral,0.0,0,0
After Election,142,এইবার ডাবল চ্যাম্পিয়ন হবে,এইবার ডাবল চ্যাম্পিয়ন হবে,neutral,0.0,0,0
After Election,143,লক্ষ্য এবার মহাবিশ্ব চ্যাম্পিয়ন,লক্ষ্য এবার মহাবিশ্ব চ্যাম্পিয়ন,neutral,0.0,0,0
After Election,144,তাল গাছ লাগিয়ে আম কি আশা করা যায়।,তাল গাছ লাগিয়ে আম কি আশা করা যায়,positive,0.2,1,0
After Election,145,লুটপাট শুরু,লুটপাট শুরু,neutral,0.0,0,0
After Election,146,টাকা পাচারের বন্দোবস্ত হয়ে গেছে।।,টাকা পাচারের বন্দোবস্ত হয়ে গেছে,neutral,0.0,0,0
After Election,147,খেলা শুরু,খেলা শুরু,neutral,0.0,0,0
After Election,148,চ্যাম্পিয়ন,চ্যাম্পিয়ন,neutral,0.0,0,0
After Election,149,ইন্টার পাশ এর পেলান,ইন্টার পাশ এর পেলান,neutral,0.0,0,0
After Election,150,বি এন পি এর বাকশাল,বি এন পি এর বাকশাল,neutral,0.0,0,0
After Election,151,গাঞ্জখোরের দল কোথাকার,গাঞ্জখোরের দল কোথাকার,neutral,0.0,0,0
After Election,152,,,neutral,0.0,0,0
After Election,153,চাঁদাবাজার দল,চাঁদাবাজার দল,neutral,0.0,0,0
After Election,154,,,neutral,0.0,0,0
After Election,155,"খাল কেঁটে কুমির ডেঁকে আনলো,, এখন নাসির উদ্দিন এরে পোন্দাবে, তখন ভালো লাগবে",খাল কেঁটে কুমির ডেঁকে আনলো এখন নাসির উদ্দিন এরে পোন্দাবে তখন ভালো লাগবে,positive,0.09090909090909091,1,0
After Election,156,গাঞ্জখোরের দল কোথাকার,গাঞ্জখোরের দল কোথাকার,neutral,0.0,0,0
After Election,157,,,neutral,0.0,0,0
After Election,158,চাঁদাবাজার দল,চাঁদাবাজার দল,neutral,0.0,0,0
After Election,159,,,neutral,0.0,0,0
After Election,160,"খাল কেঁটে কুমির ডেঁকে আনলো,, এখন নাসির উদ্দিন এরে পোন্দাবে, তখন ভালো লাগবে",খাল কেঁটে কুমির ডেঁকে আনলো এখন নাসির উদ্দিন এরে পোন্দাবে তখন ভালো লাগবে,positive,0.09090909090909091,1,0
After Election,161,,,neutral,0.0,0,0
After Election,162,খোকা পুত্র জমিদার,খোকা পুত্র জমিদার,neutral,0.0,0,0
After Election,163,,,neutral,0.0,0,0
After Election,164,দেশে আরও অনেক বেয়াদপ আছে লাখে লাখে,দেশে আরও অনেক বেয়াদপ আছে লাখে লাখে,neutral,0.0,0,0
After Election,165,,,neutral,0.0,0,0
After Election,166,তোর নানির খালি ঘর ইসরাক সালা,তোর নানির খালি ঘর ইসরাক সালা,neutral,0.0,0,0
After Election,167,,,neutral,0.0,0,0
After Election,168,"তোর মুখে লাগাম আছে?, বেয়াদবের হাড্ডি",তোর মুখে লাগাম আছে বেয়াদবের হাড্ডি,neutral,0.0,0,0
After Election,169,,,neutral,0.0,0,0
After Election,170,বকচয় জোকার,বকচয় জোকার,neutral,0.0,0,0
After Election,171,,,neutral,0.0,0,0
After Election,172,"বাংলা একটা প্রবাদ আছে ""সাল কেন মাঠে মাঠে ঘুরিস আমার পোদে এসে লাগিস",বাংলা একটা প্রবাদ আছে সাল কেন মাঠে মাঠে ঘুরিস আমার পোদে এসে লাগিস,neutral,0.0,0,0
After Election,173,,,neutral,0.0,0,0
After Election,174,আব্বা ডাক হালা,আব্বা ডাক হালা,neutral,0.0,0,0
After Election,175,,,neutral,0.0,0,0
After Election,176,তোর আব্বার মাপের খেলোয়ার হালা বোদাই,তোর আব্বার মাপের খেলোয়ার হালা বোদাই,neutral,0.0,0,0
After Election,177,,,neutral,0.0,0,0
After Election,178,ইন্জিনিয়ারিং : গুপ্ত গুপ্ত গুপ্ত,ইন্জিনিয়ারিং গুপ্ত গুপ্ত গুপ্ত,neutral,0.0,0,0
After Election,179,,,neutral,0.0,0,0
After Election,180,"জাতির টেনশন ছিল জামায়াত ক্ষমতায় আসলে মেয়েরা রাতে রাস্তায় চলাফেরা করতে পারবে কিনা, পর্দা বাধ্যতামূলক হবে কিনা।",জাতির টেনশন ছিল জামায়াত ক্ষমতায় আসলে মেয়েরা রাতে রাস্তায় চলাফেরা করতে পারবে কিনা পর্দা বাধ্যতামূলক হবে কিনা,neutral,0.0,0,0
After Election,181,,,neutral,0.0,0,0
After Election,182,"কিন্তু, বিএনপি ক্ষমতায় আসার পর ছেলেরা রাতে রাস্তায় চলাফেরা করার অধিকার চাইছে আর মাসুদ ভাইয়ের পুলিশ আবার নিকাব ধরেছে....",কিন্তু বিএনপি ক্ষমতায় আসার পর ছেলেরা রাতে রাস্তায় চলাফেরা করার অধিকার চাইছে আর মাসুদ ভাইয়ের পুলিশ আবার নিকাব ধরেছে,neutral,0.0,0,0
After Election,183,,,neutral,0.0,0,0
After Election,184,পর্দানশীল পুলিশ...,পর্দানশীল পুলিশ,neutral,0.0,0,0
After Election,185,,,neutral,0.0,0,0
After Election,186,এদের জন্য ফ্রীতে পিরিয়ডের ন্যাপকিন বিতরণ করা হোক।,এদের জন্য ফ্রীতে পিরিয়ডের ন্যাপকিন বিতরণ করা হোক,neutral,0.0,0,0
After Election,187,,,neutral,0.0,0,0
After Election,188,এই ধরনের মূর্খ গুলো বিম্পি চো!দায়,এই ধরনের মূর্খ গুলো বিম্পি চো দায়,neutral,0.0,0,0
After Election,189,,,neutral,0.0,0,0
After Election,190,"যত মানুষ খু/ন হবে, তত টাকা। এগুলো করে সন্ত্রাসী দল আওয়ামীলীগ ও বিএনপি এবং তাদের সহযোগী হিসাবে আছে প্রশাসন, নাস্তিক, গাঁজা খোর ইত্যাদি।",যত মানুষ খু ন হবে তত টাকা এগুলো করে সন্ত্রাসী দল আওয়ামীলীগ ও বিএনপি এবং তাদের সহযোগী হিসাবে আছে প্রশাসন নাস্তিক গাঁজা খোর ইত্যাদি,neutral,0.0,0,0
After Election,191,,,neutral,0.0,0,0
After Election,192,নতুনভাবে যারা দিল্লীকে ইন্জিনিয়ারিং করতেছে।,নতুনভাবে যারা দিল্লীকে ইন্জিনিয়ারিং করতেছে,neutral,0.0,0,0
After Election,193,,,neutral,0.0,0,0
After Election,194,কেন হাদি ভাই মেরে ফেলা হয়েছে এখন তা স্পষ্ট বুঝতেছি,কেন হাদি ভাই মেরে ফেলা হয়েছে এখন তা স্পষ্ট বুঝতেছি,neutral,0.0,0,0
After Election,195,,,neutral,0.0,0,0
After Election,196,আবারও ভারতীয় ইন্জিনিয়ারিং তেজস চু|দলিং পং।,আবারও ভারতীয় ইন্জিনিয়ারিং তেজস চু দলিং পং,neutral,0.0,0,0
After Election,197,,,neutral,0.0,0,0
After Election,198,ইন্জিনিয়ারিং নাম দেখে একদল মনে করবে দুনিয়াতে শুধু একজন'ই ইন্জিনিয়ারিং।,ইন্জিনিয়ারিং নাম দেখে একদল মনে করবে দুনিয়াতে শুধু একজন ই ইন্জিনিয়ারিং,neutral,0.0,0,0
After Election,199,,,neutral,0.0,0,0
After Election,200,"চিনের দূঃখ হোয়াংহো, আর তাছাড়া ন্ডিয়ার দূঃখ বালতেজাস থুক্কু হালতেজাস",চিনের দূঃখ হোয়াংহো আর তাছাড়া ন্ডিয়ার দূঃখ বালতেজাস থুক্কু হালতেজাস,neutral,0.0,0,0
After Election,201,,,neutral,0.0,0,0
After Election,202,অনেক চাঁদাবাজ সৈনিক বলে : অমুকের আন্দোলনের ভিডিও ফুটেজ কই? তমুকের ভিডিও ফুটেজ কই?,অনেক চাঁদাবাজ সৈনিক বলে অমুকের আন্দোলনের ভিডিও ফুটেজ কই তমুকের ভিডিও ফুটেজ কই,negative,-0.08333333333333333,0,1
After Election,203,,,neutral,0.0,0,0
After Election,204,যখন তারা ভিডিও ফুটেজ খুঁজে তখনই মনে পরে ৭১ সালের কথা।,যখন তারা ভিডিও ফুটেজ খুঁজে তখনই মনে পরে সালের কথা,neutral,0.0,0,0
After Election,205,,,neutral,0.0,0,0
After Election,206,বলতো শেখ হাসিনার মত একজন মানবতার আম্মুকে কতগুলো রাজাকারের পোলাপান মব সৃষ্টি করে বাংলাদেশ থেকে পালিয়ে ইন্ডিয়া যেতে বাধ্য করেছে। তবে আমরা সবসময় সংবিধানের পক্ষে ছিলাম।,বলতো শেখ হাসিনার মত একজন মানবতার আম্মুকে কতগুলো রাজাকারের পোলাপান মব সৃষ্টি করে বাংলাদেশ থেকে পালিয়ে ইন্ডিয়া যেতে বাধ্য করেছে তবে আমরা সবসময় সংবিধানের পক্ষে ছিলাম,neutral,0.0,0,0
After Election,207,,,neutral,0.0,0,0
After Election,208,আমার লাইফে এই প্রথম ইন্টার পাশ ইঞ্জিনিয়ার সরকার প্রধান দেখলাম,আমার লাইফে এই প্রথম ইন্টার পাশ ইঞ্জিনিয়ার সরকার প্রধান দেখলাম,neutral,0.0,0,0
After Election,209,,,neutral,0.0,0,0
After Election,210,বিপদ কেটে গেলে মানুষ বিএনপি হয়ে ওঠে,বিপদ কেটে গেলে মানুষ বিএনপি হয়ে ওঠে,neutral,0.0,0,0
After Election,211,,,neutral,0.0,0,0
After Election,212,আমিও। ইউনুসের আমল টায় ভালো ছিলো।তবে যেদিন থেকে শুনি খাম্বা দেশে ফিরবে ওইদিন থেকেই সব মিডিয়া থেকে শুরু করে সবাই পা চাটতে শুরু করছে,আমিও ইউনুসের আমল টায় ভালো ছিলো তবে যেদিন থেকে শুনি খাম্বা দেশে ফিরবে ওইদিন থেকেই সব মিডিয়া থেকে শুরু করে সবাই পা চাটতে শুরু করছে,positive,0.05555555555555555,1,0
After Election,213,,,neutral,0.0,0,0
After Election,214,চাঁদাবাজ মুর্দাবাদ,চাঁদাবাজ মুর্দাবাদ,negative,-0.5,0,1
After Election,215,,,neutral,0.0,0,0
After Election,216,সাবধানে কথা কন,সাবধানে কথা কন,neutral,0.0,0,0
After Election,217,,,neutral,0.0,0,0
After Election,218,হামরা কিন্তু প্রধানমন্ত্রীর গ্রামের লোক,হামরা কিন্তু প্রধানমন্ত্রীর গ্রামের লোক,neutral,0.0,0,0
After Election,219,,,neutral,0.0,0,0
After Election,220,মাঝখান দিয়া আম তারিক বকা খাই গেলো আম তারিক বি লাইক:আমি আবার কি করলাম,মাঝখান দিয়া আম তারিক বকা খাই গেলো আম তারিক বি লাইক আমি আবার কি করলাম,neutral,0.0,0,0
After Election,221,,,neutral,0.0,0,0
After Election,222,আম তারেকের আর রেহাই নাই রে এনেও আম তারেকরে পুন মারি দিলেন কাগা,আম তারেকের আর রেহাই নাই রে এনেও আম তারেকরে পুন মারি দিলেন কাগা,neutral,0.0,0,0
After Election,223,,,neutral,0.0,0,0
After Election,224,আম তারেক আইলো কোই থেকে,আম তারেক আইলো কোই থেকে,neutral,0.0,0,0
After Election,225,,,neutral,0.0,0,0
After Election,226,২ দিনের বৈরাগী গাঁ*ঞ্জারে কয় সিদ্ধি,দিনের বৈরাগী গাঁ ঞ্জারে কয় সিদ্ধি,neutral,0.0,0,0
After Election,227,,,neutral,0.0,0,0
After Election,228,"সুশীল সমাজের চশমাটা কি একটু বেশিই অদ্ভুত? ৫৪ বছর আগের 'রাজাকার' খুঁজতে তারা দূরবীন ব্যবহার করেন, কিন্তু ঘরের পাশে বিএসএফ-এর গুলি আর ফারাক্কার পানির অভিশাপ তাদের চোখে পড়ে না।",সুশীল সমাজের চশমাটা কি একটু বেশিই অদ্ভুত বছর আগের রাজাকার খুঁজতে তারা দূরবীন ব্যবহার করেন কিন্তু ঘরের পাশে বিএসএফ এর গুলি আর ফারাক্কার পানির অভিশাপ তাদের চোখে পড়ে না,neutral,0.0,0,0
After Election,229,,,neutral,0.0,0,0
After Election,230,স্লাকুম,স্লাকুম,neutral,0.0,0,0
After Election,231,,,neutral,0.0,0,0
After Election,232,জনাব তারেক রহমানের উম্মা কিসের কমতি রাখবেন না আপনি,জনাব তারেক রহমানের উম্মা কিসের কমতি রাখবেন না আপনি,neutral,0.0,0,0
After Election,233,,,neutral,0.0,0,0
After Election,234,আমরা প্রধান মন্ত্রীর পাশাপাশি নতুন নবী পেয়ে গেলাম।নাউজুবিল্লাহ,আমরা প্রধান মন্ত্রীর পাশাপাশি নতুন নবী পেয়ে গেলাম নাউজুবিল্লাহ,neutral,0.0,0,0
After Election,235,,,neutral,0.0,0,0
After Election,236,আরে এটা চাইলকম ভাই চাইলকম এনা,আরে এটা চাইলকম ভাই চাইলকম এনা,neutral,0.0,0,0
After Election,237,,,neutral,0.0,0,0
After Election,238,তারেক রহমান এর উম্মাহ,তারেক রহমান এর উম্মাহ,neutral,0.0,0,0
After Election,239,,,neutral,0.0,0,0
After Election,240,নর্তকীর কাছ থেকে ভালো মন্দ শিখতে হবে আমাদের,নর্তকীর কাছ থেকে ভালো মন্দ শিখতে হবে আমাদের,neutral,0.0,1,1
After Election,241,,,neutral,0.0,0,0
After Election,242,খাট কর্মী,খাট কর্মী,neutral,0.0,0,0
After Election,243,,,neutral,0.0,0,0
After Election,244,নতুন মালের আমদানি,নতুন মালের আমদানি,neutral,0.0,0,0
After Election,245,,,neutral,0.0,0,0
After Election,246,"এখানে যারা আছে প্রত্যেকটাই বারোভাতারি। এক কথায় বলতে গেলে (খ,ম,প)",এখানে যারা আছে প্রত্যেকটাই বারোভাতারি এক কথায় বলতে গেলে খ ম প,neutral,0.0,0,0
After Election,247,,,neutral,0.0,0,0
After Election,248,মিথ্যা কথা ছাত্রদল এমন কাজ করে না।,মিথ্যা কথা ছাত্রদল এমন কাজ করে না,neutral,0.0,0,0
After Election,249,,,neutral,0.0,0,0
After Election,250,বিএনপি মানেই সন্ত্রাসী,বিএনপি মানেই সন্ত্রাসী,neutral,0.0,0,0
After Election,251,,,neutral,0.0,0,0
After Election,252,Allah BNP dol tar upor joto druto shombhob Unar (Allah r) Gojob najil koruk.,allah bnp dol tar upor joto druto shombhob unar allah r gojob najil koruk,neutral,0.0,0,0
After Election,253,,,neutral,0.0,0,0
After Election,254,রুম দখল চাঁদাবাজি এগুলো সহ্য করেন তাছাড়া তো দেশ রাজাকারের দখলে চলে যাবে,রুম দখল চাঁদাবাজি এগুলো সহ্য করেন তাছাড়া তো দেশ রাজাকারের দখলে চলে যাবে,negative,-0.08333333333333333,0,1
After Election,255,,,neutral,0.0,0,0
After Election,256,এদের পতন হবে ছাত্র লীগের চেয়েও ভয়ংকর,এদের পতন হবে ছাত্র লীগের চেয়েও ভয়ংকর,negative,-0.2,0,1
