period,location_a,location_b,co_mentions
2026-02-12_to_2026-02-17,Dhaka,Gazipur,24
2026-02-12_to_2026-02-17,Chattogram,Dhaka,23
2026-02-12_to_2026-02-17,Barishal,Dhaka,19
2026-02-12_to_2026-02-17,Dhaka,Mymensingh,17
2026-02-12_to_2026-02-17,Chattogram,Noakhali,15
2026-02-12_to_2026-02-17,Dhaka,Rangpur,14
2026-02-12_to_2026-02-17,Dhaka,Kishoreganj,11
2026-02-12_to_2026-02-17,Barishal,Bhola,9
2026-02-12_to_2026-02-17,Chandpur,Chattogram,9
2026-02-12_to_2026-02-17,Dhaka,Khulna,9
2026-02-12_to_2026-02-17,Dhaka,Tangail,9
2026-02-12_to_2026-02-17,Dhaka,Narsingdi,8
2026-02-12_to_2026-02-17,Dhaka,Faridpur,7
2026-02-12_to_2026-02-17,Dhaka,Sylhet,7
2026-02-12_to_2026-02-17,Bhola,Dhaka,6
2026-02-12_to_2026-02-17,Chandpur,Dhaka,6
2026-02-12_to_2026-02-17,Dhaka,Jamalpur,6
2026-02-12_to_2026-02-17,Dhaka,Noakhali,6
2026-02-12_to_2026-02-17,Jessore,Khulna,6
2026-02-12_to_2026-02-17,Chattogram,Lakshmipur,5
2026-02-12_to_2026-02-17,Dhaka,Pabna,5
2026-02-12_to_2026-02-17,Dhaka,Rajshahi,5
2026-02-12_to_2026-02-17,Dhaka,Sirajganj,5
2026-02-12_to_2026-02-17,Habiganj,Sylhet,5
2026-02-12_to_2026-02-17,Mymensingh,Sherpur,5
2026-02-12_to_2026-02-17,Chattogram,Sylhet,4
2026-02-12_to_2026-02-17,Dhaka,Madaripur,4
2026-02-12_to_2026-02-17,Dhaka,Munshiganj,4
2026-02-12_to_2026-02-17,Dhaka,Rajbari,4
2026-02-12_to_2026-02-17,Dhaka,কিশোরগঞ্জ,4
2026-02-12_to_2026-02-17,Bagerhat,Khulna,3
2026-02-12_to_2026-02-17,Brahmanbaria,Dhaka,3
2026-02-12_to_2026-02-17,Chattogram,Cox's Bazar,3
2026-02-12_to_2026-02-17,Chattogram,Cumilla,3
2026-02-12_to_2026-02-17,Dhaka,Kushtia,3
2026-02-12_to_2026-02-17,Dhaka,Naogaon,3
2026-02-12_to_2026-02-17,Dhaka,Netrokona,3
2026-02-12_to_2026-02-17,Kishoreganj,কিশোরগঞ্জ,3
2026-02-12_to_2026-02-17,Bagerhat,Dhaka,2
2026-02-12_to_2026-02-17,Barishal,Pirojpur,2
2026-02-12_to_2026-02-17,Chattogram,Rajshahi,2
2026-02-12_to_2026-02-17,Cumilla,Dhaka,2
2026-02-12_to_2026-02-17,Dhaka,Lakshmipur,2
2026-02-12_to_2026-02-17,Dhaka,Manikganj,2
2026-02-12_to_2026-02-17,Dhaka,Narayanganj,2
2026-02-12_to_2026-02-17,Dhaka,Nilphamari,2
2026-02-12_to_2026-02-17,Dhaka,Patuakhali,2
2026-02-12_to_2026-02-17,Dhaka,Pirojpur,2
2026-02-12_to_2026-02-17,Dhaka,নরসিংদী,2
2026-02-12_to_2026-02-17,Dhaka,ফরিদপুর,2
2026-02-12_to_2026-02-17,Dhaka,বগুড়া,2
2026-02-12_to_2026-02-17,Dhaka,ময়মনসিংহ,2
2026-02-12_to_2026-02-17,Dhaka,সুনামগঞ্জ,2
2026-02-12_to_2026-02-17,Faridpur,ফরিদপুর,2
2026-02-12_to_2026-02-17,Gazipur,Tangail,2
2026-02-12_to_2026-02-17,Khulna,Magura,2
2026-02-12_to_2026-02-17,Kurigram,Panchagarh,2
2026-02-12_to_2026-02-17,Moulvibazar,Sylhet,2
2026-02-12_to_2026-02-17,Nilphamari,Rangpur,2
2026-02-12_to_2026-02-17,Nilphamari,নীলফামারী,2
2026-02-12_to_2026-02-17,Sunamganj,Sylhet,2
2026-02-12_to_2026-02-17,Sylhet,মৌলভীবাজার,2
2026-02-12_to_2026-02-17,Bandarban,Barishal,1
2026-02-12_to_2026-02-17,Bandarban,Chattogram,1
2026-02-12_to_2026-02-17,Bandarban,Cox's Bazar,1
2026-02-12_to_2026-02-17,Barguna,Dhaka,1
2026-02-12_to_2026-02-17,Barishal,Chandpur,1
2026-02-12_to_2026-02-17,Barishal,Chattogram,1
2026-02-12_to_2026-02-17,Barishal,Narayanganj,1
2026-02-12_to_2026-02-17,Barishal,Patuakhali,1
2026-02-12_to_2026-02-17,Barishal,Sylhet,1
2026-02-12_to_2026-02-17,Barishal,ভোলা,1
2026-02-12_to_2026-02-17,Bhola,Chattogram,1
2026-02-12_to_2026-02-17,Bhola,ভোলা,1
2026-02-12_to_2026-02-17,Bogura,Dhaka,1
2026-02-12_to_2026-02-17,Bogura,Rangpur,1
2026-02-12_to_2026-02-17,Brahmanbaria,Chattogram,1
2026-02-12_to_2026-02-17,Brahmanbaria,Narsingdi,1
2026-02-12_to_2026-02-17,Chandpur,চাঁদপুর,1
2026-02-12_to_2026-02-17,Chattogram,Gazipur,1
2026-02-12_to_2026-02-17,Chattogram,Gopalganj,1
2026-02-12_to_2026-02-17,Chattogram,Mymensingh,1
2026-02-12_to_2026-02-17,Chattogram,Pirojpur,1
2026-02-12_to_2026-02-17,Chattogram,Rangamati,1
2026-02-12_to_2026-02-17,Chattogram,Rangpur,1
2026-02-12_to_2026-02-17,Chattogram,চাঁদপুর,1
2026-02-12_to_2026-02-17,Chattogram,জামালপুর,1
2026-02-12_to_2026-02-17,Chattogram,নোয়াখালী,1
2026-02-12_to_2026-02-17,Chattogram,ব্রাহ্মণবাড়িয়া,1
2026-02-12_to_2026-02-17,Cox's Bazar,Dhaka,1
2026-02-12_to_2026-02-17,Cox's Bazar,Rajshahi,1
2026-02-12_to_2026-02-17,Cumilla,Narayanganj,1
2026-02-12_to_2026-02-17,Dhaka,Dinajpur,1
2026-02-12_to_2026-02-17,Dhaka,Feni,1
2026-02-12_to_2026-02-17,Dhaka,Gopalganj,1
2026-02-12_to_2026-02-17,Dhaka,Habiganj,1
2026-02-12_to_2026-02-17,Dhaka,Jashore,1
2026-02-12_to_2026-02-17,Dhaka,Jessore,1
2026-02-12_to_2026-02-17,Dhaka,Jhenaidah,1
2026-02-12_to_2026-02-17,Dhaka,Kurigram,1
2026-02-12_to_2026-02-17,Dhaka,Magura,1
2026-02-12_to_2026-02-17,Dhaka,Meherpur,1
2026-02-12_to_2026-02-17,Dhaka,Narail,1
2026-02-12_to_2026-02-17,Dhaka,Satkhira,1
2026-02-12_to_2026-02-17,Dhaka,Shariatpur,1
2026-02-12_to_2026-02-17,Dhaka,Sherpur,1
2026-02-12_to_2026-02-17,Dhaka,Sunamganj,1
2026-02-12_to_2026-02-17,Dhaka,খাও হালুয়া,1
2026-02-12_to_2026-02-17,Dhaka,গাইবান্ধা,1
2026-02-12_to_2026-02-17,Dhaka,চাঁদপুর,1
2026-02-12_to_2026-02-17,Dhaka,ঝিনাইদহ,1
2026-02-12_to_2026-02-17,Dhaka,ঠাকুরগাঁও,1
2026-02-12_to_2026-02-17,Dhaka,নীলফামারী,1
2026-02-12_to_2026-02-17,Dhaka,পাবনা,1
2026-02-12_to_2026-02-17,Dhaka,ব্রাহ্মণবাড়িয়া,1
2026-02-12_to_2026-02-17,Dhaka,মানিকগঞ্জ,1
2026-02-12_to_2026-02-17,Dhaka,শরীয়তপুর,1
2026-02-12_to_2026-02-17,Dinajpur,Rajshahi,1
2026-02-12_to_2026-02-17,Dinajpur,Rangpur,1
2026-02-12_to_2026-02-17,Faridpur,Rajbari,1
2026-02-12_to_2026-02-17,Gazipur,Madaripur,1
2026-02-12_to_2026-02-17,Gazipur,Rajshahi,1
2026-02-12_to_2026-02-17,Gazipur,Sirajganj,1
2026-02-12_to_2026-02-17,Gazipur,Sylhet,1
2026-02-12_to_2026-02-17,Jamalpur,Mymensingh,1
2026-02-12_to_2026-02-17,Jamalpur,Pabna,1
2026-02-12_to_2026-02-17,Jamalpur,নরসিংদী,1
2026-02-12_to_2026-02-17,Khulna,Kushtia,1
2026-02-12_to_2026-02-17,Khulna,Satkhira,1
2026-02-12_to_2026-02-17,Kushtia,Rajshahi,1
2026-02-12_to_2026-02-17,Lalmonirhat,লালমনিরহাট,1
2026-02-12_to_2026-02-17,Moulvibazar,মৌলভীবাজার,1
2026-02-12_to_2026-02-17,Mymensingh,জামালপুর,1
2026-02-12_to_2026-02-17,Mymensingh,ময়মনসিংহ,1
2026-02-12_to_2026-02-17,Narsingdi,নরসিংদী,1
2026-02-12_to_2026-02-17,Natore,নাটোর,1
2026-02-12_to_2026-02-17,Noakhali,নোয়াখালী,1
2026-02-12_to_2026-02-17,Pabna,Rajbari,1
2026-02-12_to_2026-02-17,Pabna,Rajshahi,1
2026-02-12_to_2026-02-17,Rangpur,খাও হালুয়া,1
2026-02-12_to_2026-02-17,Rangpur,ঠাকুরগাঁও,1
2026-02-12_to_2026-02-17,Rangpur,নীলফামারী,1
2026-02-12_to_2026-02-17,Rangpur,পাবনা,1
2026-02-12_to_2026-02-17,Rangpur,বগুড়া,1
2026-02-12_to_2026-02-17,Shariatpur,শরীয়তপুর,1
2026-02-12_to_2026-02-17,Sunamganj,Tangail,1
2026-02-12_to_2026-02-17,Sunamganj,সুনামগঞ্জ,1
2026-02-12_to_2026-02-17,চাঁদপুর,ঝিনাইদহ,1
2026-02-12_to_2026-02-17,বগুড়া,ময়মনসিংহ,1
2026-02-18_to_2026-03-01,Chattogram,Dhaka,62
2026-02-18_to_2026-03-01,Dhaka,Gazipur,62
2026-02-18_to_2026-03-01,Chattogram,Noakhali,44
2026-02-18_to_2026-03-01,Barishal,Dhaka,42
2026-02-18_to_2026-03-01,Dhaka,Khulna,41
2026-02-18_to_2026-03-01,Dhaka,Mymensingh,37
2026-02-18_to_2026-03-01,Dhaka,Rangpur,30
2026-02-18_to_2026-03-01,Dhaka,Pabna,27
2026-02-18_to_2026-03-01,Dhaka,Kishoreganj,25
2026-02-18_to_2026-03-01,Cumilla,Dhaka,21
2026-02-18_to_2026-03-01,Jessore,Khulna,21
2026-02-18_to_2026-03-01,Barishal,Bhola,20
2026-02-18_to_2026-03-01,Dhaka,Faridpur,18
2026-02-18_to_2026-03-01,Dhaka,Jamalpur,16
2026-02-18_to_2026-03-01,Dhaka,Narayanganj,16
2026-02-18_to_2026-03-01,Dhaka,Narsingdi,16
2026-02-18_to_2026-03-01,Chattogram,Lakshmipur,15
2026-02-18_to_2026-03-01,Khulna,Satkhira,15
2026-02-18_to_2026-03-01,Dhaka,Noakhali,14
2026-02-18_to_2026-03-01,Dhaka,Tangail,14
2026-02-18_to_2026-03-01,Chattogram,Cumilla,13
2026-02-18_to_2026-03-01,Dhaka,Kushtia,13
2026-02-18_to_2026-03-01,Dhaka,Lakshmipur,12
2026-02-18_to_2026-03-01,Dhaka,Munshiganj,12
2026-02-18_to_2026-03-01,Dhaka,Rajshahi,12
2026-02-18_to_2026-03-01,Dhaka,Sirajganj,12
2026-02-18_to_2026-03-01,Dhaka,Feni,11
2026-02-18_to_2026-03-01,Khulna,Kushtia,11
2026-02-18_to_2026-03-01,Bogura,Dhaka,10
2026-02-18_to_2026-03-01,Chandpur,Chattogram,10
2026-02-18_to_2026-03-01,Chandpur,Dhaka,10
2026-02-18_to_2026-03-01,Chattogram,Cox's Bazar,10
2026-02-18_to_2026-03-01,Dhaka,Manikganj,10
2026-02-18_to_2026-03-01,Dhaka,কিশোরগঞ্জ,10
2026-02-18_to_2026-03-01,Kishoreganj,কিশোরগঞ্জ,10
2026-02-18_to_2026-03-01,Brahmanbaria,Chattogram,9
2026-02-18_to_2026-03-01,Dhaka,Jessore,9
2026-02-18_to_2026-03-01,Dhaka,Natore,9
2026-02-18_to_2026-03-01,Dhaka,Satkhira,9
2026-02-18_to_2026-03-01,Dhaka,নরসিংদী,9
2026-02-18_to_2026-03-01,Mymensingh,Sherpur,9
2026-02-18_to_2026-03-01,Bhola,Dhaka,8
2026-02-18_to_2026-03-01,Brahmanbaria,Dhaka,8
2026-02-18_to_2026-03-01,Cox's Bazar,Dhaka,8
2026-02-18_to_2026-03-01,Dhaka,Sylhet,8
2026-02-18_to_2026-03-01,Khulna,Magura,8
2026-02-18_to_2026-03-01,Gazipur,Mymensingh,7
2026-02-18_to_2026-03-01,Barishal,Gazipur,6
2026-02-18_to_2026-03-01,Bogura,বগুড়া,6
2026-02-18_to_2026-03-01,Chattogram,Khulna,6
2026-02-18_to_2026-03-01,Dhaka,Dinajpur,6
2026-02-18_to_2026-03-01,Dhaka,Gopalganj,6
2026-02-18_to_2026-03-01,Dhaka,Narail,6
2026-02-18_to_2026-03-01,Dhaka,Sherpur,6
2026-02-18_to_2026-03-01,Chattogram,Patuakhali,5
2026-02-18_to_2026-03-01,Dhaka,Naogaon,5
2026-02-18_to_2026-03-01,Dhaka,পাবনা,5
2026-02-18_to_2026-03-01,Dhaka,ফরিদপুর,5
2026-02-18_to_2026-03-01,Bagerhat,Dhaka,4
2026-02-18_to_2026-03-01,Barishal,Patuakhali,4
2026-02-18_to_2026-03-01,Chattogram,Mymensingh,4
2026-02-18_to_2026-03-01,Dhaka,Jhenaidah,4
2026-02-18_to_2026-03-01,Dhaka,Madaripur,4
2026-02-18_to_2026-03-01,Dhaka,Magura,4
2026-02-18_to_2026-03-01,Dhaka,Shariatpur,4
2026-02-18_to_2026-03-01,Khulna,যশোর,4
2026-02-18_to_2026-03-01,Nilphamari,Rangpur,4
2026-02-18_to_2026-03-01,Noakhali,নোয়াখালী,4
2026-02-18_to_2026-03-01,Pabna,Rajshahi,4
2026-02-18_to_2026-03-01,Barguna,Dhaka,3
2026-02-18_to_2026-03-01,Barishal,Chattogram,3
2026-02-18_to_2026-03-01,Bogura,Khulna,3
2026-02-18_to_2026-03-01,Bogura,Rajshahi,3
2026-02-18_to_2026-03-01,Bogura,Rangpur,3
2026-02-18_to_2026-03-01,Chandpur,চাঁদপুর,3
2026-02-18_to_2026-03-01,Chattogram,Feni,3
2026-02-18_to_2026-03-01,Chattogram,Gazipur,3
2026-02-18_to_2026-03-01,Chattogram,Pirojpur,3
2026-02-18_to_2026-03-01,Dhaka,Nilphamari,3
2026-02-18_to_2026-03-01,Dhaka,Patuakhali,3
2026-02-18_to_2026-03-01,Dhaka,Sunamganj,3
2026-02-18_to_2026-03-01,Dhaka,Thakurgaon,3
2026-02-18_to_2026-03-01,Dhaka,চাঁদপুর,3
2026-02-18_to_2026-03-01,Dhaka,জামালপুর,3
2026-02-18_to_2026-03-01,Dhaka,ঝিনাইদহ,3
2026-02-18_to_2026-03-01,Dhaka,নাটোর,3
2026-02-18_to_2026-03-01,Dhaka,নোয়াখালী,3
2026-02-18_to_2026-03-01,Dhaka,বগুড়া,3
2026-02-18_to_2026-03-01,Dhaka,ময়মনসিংহ,3
2026-02-18_to_2026-03-01,Dinajpur,দিনাজপুর,3
2026-02-18_to_2026-03-01,Gazipur,Pabna,3
2026-02-18_to_2026-03-01,Gazipur,Sirajganj,3
2026-02-18_to_2026-03-01,Jashore,Khulna,3
2026-02-18_to_2026-03-01,Khulna,সাতক্ষীরা,3
2026-02-18_to_2026-03-01,Kushtia,কুষ্টিয়া,3
2026-02-18_to_2026-03-01,Lakshmipur,Noakhali,3
2026-02-18_to_2026-03-01,Pabna,পাবনা,3
2026-02-18_to_2026-03-01,Rajshahi,Sirajganj,3
2026-02-18_to_2026-03-01,Sunamganj,Sylhet,3
2026-02-18_to_2026-03-01,Bagerhat,Khulna,2
2026-02-18_to_2026-03-01,Bandarban,Chattogram,2
2026-02-18_to_2026-03-01,Barishal,Bogura,2
2026-02-18_to_2026-03-01,Barishal,Khulna,2
2026-02-18_to_2026-03-01,Barishal,Rangpur,2
2026-02-18_to_2026-03-01,Barishal,নরসিংদী,2
2026-02-18_to_2026-03-01,Bhola,ভোলা,2
2026-02-18_to_2026-03-01,Bogura,Sylhet,2
2026-02-18_to_2026-03-01,Chattogram,Kushtia,2
2026-02-18_to_2026-03-01,Chattogram,Rangamati,2
2026-02-18_to_2026-03-01,Chattogram,Rangpur,2
2026-02-18_to_2026-03-01,Chattogram,Sylhet,2
2026-02-18_to_2026-03-01,Chattogram,কুষ্টিয়া,2
2026-02-18_to_2026-03-01,Chattogram,চাঁদপুর,2
2026-02-18_to_2026-03-01,Chattogram,নরসিংদী,2
2026-02-18_to_2026-03-01,Chuadanga,Dhaka,2
2026-02-18_to_2026-03-01,Cumilla,Lakshmipur,2
2026-02-18_to_2026-03-01,Dhaka,Gaibandha,2
2026-02-18_to_2026-03-01,Dhaka,Joypurhat,2
2026-02-18_to_2026-03-01,Dhaka,Lalmonirhat,2
2026-02-18_to_2026-03-01,Dhaka,Pirojpur,2
2026-02-18_to_2026-03-01,Dhaka,কুষ্টিয়া,2
2026-02-18_to_2026-03-01,Dhaka,গাইবান্ধা,2
2026-02-18_to_2026-03-01,Dhaka,ঠাকুরগাঁও,2
2026-02-18_to_2026-03-01,Dhaka,নওগাঁ,2
2026-02-18_to_2026-03-01,Dhaka,বান্দরবান,2
2026-02-18_to_2026-03-01,Dhaka,যশোর,2
2026-02-18_to_2026-03-01,Dinajpur,Rangpur,2
2026-02-18_to_2026-03-01,Gaibandha,Rangpur,2
2026-02-18_to_2026-03-01,Gazipur,Khulna,2
2026-02-18_to_2026-03-01,Gazipur,Kishoreganj,2
2026-02-18_to_2026-03-01,Gazipur,Naogaon,2
2026-02-18_to_2026-03-01,Gazipur,Rajshahi,2
2026-02-18_to_2026-03-01,Gazipur,Rangpur,2
2026-02-18_to_2026-03-01,Gazipur,Sylhet,2
2026-02-18_to_2026-03-01,Habiganj,Sylhet,2
2026-02-18_to_2026-03-01,Jamalpur,Tangail,2
2026-02-18_to_2026-03-01,Jamalpur,জামালপুর,2
2026-02-18_to_2026-03-01,Jhenaidah,Khulna,2
2026-02-18_to_2026-03-01,Lalmonirhat,Rangpur,2
2026-02-18_to_2026-03-01,Mymensingh,কিশোরগঞ্জ,2
2026-02-18_to_2026-03-01,Natore,Rajshahi,2
2026-02-18_to_2026-03-01,Rajshahi,নাটোর,2
2026-02-18_to_2026-03-01,Satkhira,সাতক্ষীরা,2
2026-02-18_to_2026-03-01,Sherpur,শেরপুর,2
2026-02-18_to_2026-03-01,Sirajganj,সিরাজগঞ্জ,2
2026-02-18_to_2026-03-01,Sylhet,নরসিংদী,2
2026-02-18_to_2026-03-01,Bagerhat,Barishal,1
2026-02-18_to_2026-03-01,Bagerhat,Bogura,1
2026-02-18_to_2026-03-01,Bagerhat,Gazipur,1
2026-02-18_to_2026-03-01,Bagerhat,Jhenaidah,1
2026-02-18_to_2026-03-01,Bagerhat,Rajshahi,1
2026-02-18_to_2026-03-01,Bandarban,Dhaka,1
2026-02-18_to_2026-03-01,Bandarban,বান্দরবান,1
2026-02-18_to_2026-03-01,Barguna,Barishal,1
2026-02-18_to_2026-03-01,Barguna,বরগুনা,1
2026-02-18_to_2026-03-01,Barishal,Brahmanbaria,1
2026-02-18_to_2026-03-01,Barishal,Cox's Bazar,1
2026-02-18_to_2026-03-01,Barishal,Cumilla,1
2026-02-18_to_2026-03-01,Barishal,Pirojpur,1
2026-02-18_to_2026-03-01,Barishal,Rajshahi,1
2026-02-18_to_2026-03-01,Barishal,নাটোর,1
2026-02-18_to_2026-03-01,Barishal,পিরোজপুর,1
2026-02-18_to_2026-03-01,Barishal,ফরিদপুর,1
2026-02-18_to_2026-03-01,Barishal,বরগুনা,1
2026-02-18_to_2026-03-01,Barishal,ব্রাহ্মণবাড়িয়া,1
2026-02-18_to_2026-03-01,Barishal,ভোলা,1
2026-02-18_to_2026-03-01,Bogura,Dinajpur,1
2026-02-18_to_2026-03-01,Bogura,Pabna,1
2026-02-18_to_2026-03-01,Bogura,Panchagarh,1
2026-02-18_to_2026-03-01,Bogura,Patuakhali,1
2026-02-18_to_2026-03-01,Bogura,ঝিনাইদহ,1
2026-02-18_to_2026-03-01,Bogura,ভোলা,1
2026-02-18_to_2026-03-01,Brahmanbaria,Khulna,1
2026-02-18_to_2026-03-01,Brahmanbaria,Satkhira,1
2026-02-18_to_2026-03-01,Brahmanbaria,ব্রাহ্মণবাড়িয়া,1
2026-02-18_to_2026-03-01,Chandpur,Cumilla,1
2026-02-18_to_2026-03-01,Chandpur,Rajshahi,1
2026-02-18_to_2026-03-01,Chandpur,Shariatpur,1
2026-02-18_to_2026-03-01,Chandpur,Sylhet,1
2026-02-18_to_2026-03-01,Chapainawabganj,Dhaka,1
2026-02-18_to_2026-03-01,Chapainawabganj,Gazipur,1
2026-02-18_to_2026-03-01,Chapainawabganj,চাঁপাইনবাবগঞ্জ,1
2026-02-18_to_2026-03-01,Chattogram,Habiganj,1
2026-02-18_to_2026-03-01,Chattogram,Jhenaidah,1
2026-02-18_to_2026-03-01,Chattogram,Madaripur,1
2026-02-18_to_2026-03-01,Chattogram,Narail,1
2026-02-18_to_2026-03-01,Chattogram,Rajshahi,1
2026-02-18_to_2026-03-01,Chattogram,ঠাকুরগাঁও,1
2026-02-18_to_2026-03-01,Chattogram,নোয়াখালী,1
2026-02-18_to_2026-03-01,Chattogram,পাবনা,1
2026-02-18_to_2026-03-01,Cox's Bazar,Dinajpur,1
2026-02-18_to_2026-03-01,Cox's Bazar,Gazipur,1
2026-02-18_to_2026-03-01,Cox's Bazar,Gopalganj,1
2026-02-18_to_2026-03-01,Cox's Bazar,Khulna,1
2026-02-18_to_2026-03-01,Cox's Bazar,Mymensingh,1
2026-02-18_to_2026-03-01,Cox's Bazar,Natore,1
2026-02-18_to_2026-03-01,Cox's Bazar,Pabna,1
2026-02-18_to_2026-03-01,Cox's Bazar,দিনাজপুর,1
2026-02-18_to_2026-03-01,Cumilla,Khulna,1
2026-02-18_to_2026-03-01,Cumilla,Kushtia,1
2026-02-18_to_2026-03-01,Cumilla,Narayanganj,1
2026-02-18_to_2026-03-01,Cumilla,Noakhali,1
2026-02-18_to_2026-03-01,Cumilla,কুষ্টিয়া,1
2026-02-18_to_2026-03-01,Cumilla,ঠাকুরগাঁও,1
2026-02-18_to_2026-03-01,Cumilla,নোয়াখালী,1
2026-02-18_to_2026-03-01,Cumilla,পঞ্চগড়,1
2026-02-18_to_2026-03-01,Cumilla,ময়মনসিংহ,1
2026-02-18_to_2026-03-01,Dhaka,Habiganj,1
2026-02-18_to_2026-03-01,Dhaka,Kurigram,1
2026-02-18_to_2026-03-01,Dhaka,Rajbari,1
2026-02-18_to_2026-03-01,Dhaka,Rangamati,1
2026-02-18_to_2026-03-01,Dhaka,কুড়িগ্রাম,1
2026-02-18_to_2026-03-01,Dhaka,গোপালগঞ্জ,1
2026-02-18_to_2026-03-01,Dhaka,চাঁপাইনবাবগঞ্জ,1
2026-02-18_to_2026-03-01,Dhaka,চুয়াডাঙ্গা,1
2026-02-18_to_2026-03-01,Dhaka,নারায়ণগঞ্জ,1
2026-02-18_to_2026-03-01,Dhaka,পঞ্চগড়,1
2026-02-18_to_2026-03-01,Dhaka,পটুয়াখালী,1
2026-02-18_to_2026-03-01,Dhaka,পিরোজপুর,1
2026-02-18_to_2026-03-01,Dhaka,বরগুনা,1
2026-02-18_to_2026-03-01,Dhaka,বাগেরহাট,1
2026-02-18_to_2026-03-01,Dhaka,মানিকগঞ্জ,1
2026-02-18_to_2026-03-01,Dhaka,মৌলভীবাজার,1
2026-02-18_to_2026-03-01,Dhaka,রাজবাড়ী,1
2026-02-18_to_2026-03-01,Dhaka,শরীয়তপুর,1
2026-02-18_to_2026-03-01,Dhaka,সিরাজগঞ্জ,1
2026-02-18_to_2026-03-01,Dhaka,সুনামগঞ্জ,1
2026-02-18_to_2026-03-01,Dinajpur,Gazipur,1
2026-02-18_to_2026-03-01,Dinajpur,Joypurhat,1
2026-02-18_to_2026-03-01,Dinajpur,Rajshahi,1
2026-02-18_to_2026-03-01,Dinajpur,Sylhet,1
2026-02-18_to_2026-03-01,Dinajpur,Thakurgaon,1
2026-02-18_to_2026-03-01,Dinajpur,যশোর,1
2026-02-18_to_2026-03-01,Faridpur,Gazipur,1
2026-02-18_to_2026-03-01,Faridpur,Khulna,1
2026-02-18_to_2026-03-01,Faridpur,Magura,1
2026-02-18_to_2026-03-01,Faridpur,Naogaon,1
2026-02-18_to_2026-03-01,Faridpur,Rangpur,1
2026-02-18_to_2026-03-01,Faridpur,নরসিংদী,1
2026-02-18_to_2026-03-01,Faridpur,ফরিদপুর,1
2026-02-18_to_2026-03-01,Feni,Rangamati,1
2026-02-18_to_2026-03-01,Feni,Sylhet,1
2026-02-18_to_2026-03-01,Gazipur,Jamalpur,1
2026-02-18_to_2026-03-01,Gazipur,Narayanganj,1
2026-02-18_to_2026-03-01,Gazipur,Tangail,1
2026-02-18_to_2026-03-01,Gazipur,নওগাঁ,1
2026-02-18_to_2026-03-01,Gazipur,নরসিংদী,1
2026-02-18_to_2026-03-01,Gazipur,পিরোজপুর,1
2026-02-18_to_2026-03-01,Habiganj,Noakhali,1
2026-02-18_to_2026-03-01,Habiganj,হবিগঞ্জ,1
2026-02-18_to_2026-03-01,Jamalpur,Mymensingh,1
2026-02-18_to_2026-03-01,Jamalpur,Sherpur,1
2026-02-18_to_2026-03-01,Jashore,Jessore,1
2026-02-18_to_2026-03-01,Jashore,Satkhira,1
2026-02-18_to_2026-03-01,Jashore,যশোর,1
2026-02-18_to_2026-03-01,Jessore,Kushtia,1
2026-02-18_to_2026-03-01,Jessore,Noakhali,1
2026-02-18_to_2026-03-01,Jessore,Rangamati,1
2026-02-18_to_2026-03-01,Jessore,যশোর,1
2026-02-18_to_2026-03-01,Joypurhat,Naogaon,1
2026-02-18_to_2026-03-01,Joypurhat,যশোর,1
2026-02-18_to_2026-03-01,Khulna,Kishoreganj,1
2026-02-18_to_2026-03-01,Khulna,Narail,1
2026-02-18_to_2026-03-01,Khulna,Patuakhali,1
2026-02-18_to_2026-03-01,Khulna,Rajshahi,1
2026-02-18_to_2026-03-01,Khulna,Rangamati,1
2026-02-18_to_2026-03-01,Khulna,Sylhet,1
2026-02-18_to_2026-03-01,Khulna,গাইবান্ধা,1
2026-02-18_to_2026-03-01,Khulna,চুয়াডাঙ্গা,1
2026-02-18_to_2026-03-01,Khulna,ঝিনাইদহ,1
2026-02-18_to_2026-03-01,Khulna,ভোলা,1
2026-02-18_to_2026-03-01,Khulna,ময়মনসিংহ,1
2026-02-18_to_2026-03-01,Kishoreganj,Mymensingh,1
2026-02-18_to_2026-03-01,Kushtia,Pabna,1
2026-02-18_to_2026-03-01,Kushtia,Rangpur,1
2026-02-18_to_2026-03-01,Kushtia,Satkhira,1
2026-02-18_to_2026-03-01,Kushtia,ঝিনাইদহ,1
2026-02-18_to_2026-03-01,Lakshmipur,নোয়াখালী,1
2026-02-18_to_2026-03-01,Lakshmipur,বাগেরহাট,1
2026-02-18_to_2026-03-01,Lalmonirhat,Narsingdi,1
2026-02-18_to_2026-03-01,Lalmonirhat,লালমনিরহাট,1
2026-02-18_to_2026-03-01,Magura,Pirojpur,1
2026-02-18_to_2026-03-01,Manikganj,Mymensingh,1
2026-02-18_to_2026-03-01,Manikganj,Narayanganj,1
2026-02-18_to_2026-03-01,Manikganj,বান্দরবান,1
2026-02-18_to_2026-03-01,Manikganj,মানিকগঞ্জ,1
2026-02-18_to_2026-03-01,Moulvibazar,Sylhet,1
2026-02-18_to_2026-03-01,Mymensingh,Narayanganj,1
2026-02-18_to_2026-03-01,Mymensingh,Natore,1
2026-02-18_to_2026-03-01,Mymensingh,Pabna,1
2026-02-18_to_2026-03-01,Mymensingh,Rangamati,1
2026-02-18_to_2026-03-01,Mymensingh,ঝিনাইদহ,1
2026-02-18_to_2026-03-01,Mymensingh,নরসিংদী,1
2026-02-18_to_2026-03-01,Mymensingh,শেরপুর,1
2026-02-18_to_2026-03-01,Naogaon,নওগাঁ,1
2026-02-18_to_2026-03-01,Narayanganj,নারায়ণগঞ্জ,1
2026-02-18_to_2026-03-01,Narsingdi,নরসিংদী,1
2026-02-18_to_2026-03-01,Natore,Pabna,1
2026-02-18_to_2026-03-01,Natore,নাটোর,1
2026-02-18_to_2026-03-01,Netrokona,Sylhet,1
2026-02-18_to_2026-03-01,Pabna,নরসিংদী,1
2026-02-18_to_2026-03-01,Panchagarh,বগুড়া,1
2026-02-18_to_2026-03-01,Patuakhali,ঝিনাইদহ,1
2026-02-18_to_2026-03-01,Pirojpur,পিরোজপুর,1
2026-02-18_to_2026-03-01,Rajshahi,Rangpur,1
2026-02-18_to_2026-03-01,Rajshahi,কুষ্টিয়া,1
2026-02-18_to_2026-03-01,Rajshahi,চাঁপাইনবাবগঞ্জ,1
2026-02-18_to_2026-03-01,Rajshahi,ঠাকুরগাঁও,1
2026-02-18_to_2026-03-01,Rajshahi,নওগাঁ,1
2026-02-18_to_2026-03-01,Rajshahi,বগুড়া,1
2026-02-18_to_2026-03-01,Rangamati,Rangpur,1
2026-02-18_to_2026-03-01,Rangamati,নরসিংদী,1
2026-02-18_to_2026-03-01,Rangamati,রাঙ্গামাটি,1
2026-02-18_to_2026-03-01,Rangpur,Thakurgaon,1
2026-02-18_to_2026-03-01,Rangpur,কুড়িগ্রাম,1
2026-02-18_to_2026-03-01,Rangpur,গাইবান্ধা,1
2026-02-18_to_2026-03-01,Rangpur,গোপালগঞ্জ,1
2026-02-18_to_2026-03-01,Rangpur,ঠাকুরগাঁও,1
2026-02-18_to_2026-03-01,Rangpur,দিনাজপুর,1
2026-02-18_to_2026-03-01,Rangpur,নরসিংদী,1
2026-02-18_to_2026-03-01,Rangpur,পাবনা,1
2026-02-18_to_2026-03-01,Rangpur,বগুড়া,1
2026-02-18_to_2026-03-01,Rangpur,রাঙ্গামাটি,1
2026-02-18_to_2026-03-01,Rangpur,লালমনিরহাট,1
2026-02-18_to_2026-03-01,Satkhira,শরীয়তপুর,1
2026-02-18_to_2026-03-01,Sirajganj,Sylhet,1
2026-02-18_to_2026-03-01,Sylhet,বগুড়া,1
2026-02-18_to_2026-03-01,Sylhet,ভোলা,1
2026-02-18_to_2026-03-01,Tangail,টাঙ্গাইল,1
2026-02-18_to_2026-03-01,Tangail,নরসিংদী,1
2026-02-18_to_2026-03-01,Thakurgaon,পঞ্চগড়,1
2026-02-18_to_2026-03-01,কিশোরগঞ্জ,চাঁদপুর,1
