Comment,Location 1,Location 2,Location 3
[সন্দেহজনক লিঙ্ক সরানো হয়েছে]...…,Dhaka,,
সত্যি হাসি পাই আদু ভাই রাকিবের দৌড় দেখে!,Dhaka,Narail,
"""শরীরের ওজন কমতেছে। এটা তো ভালো বিষয়, কষ্ট পাওয়ার কি আছে!!!",Dhaka,,
এটা আরো আনন্দের বিষয় এখানে কষ্টের কিছু নেই,Dhaka,Chittagong,Patuakhali
যদি তার জন্য আপনার পায়ে ব্যথা হয় তো তেল লাগান মালিশ করেন ব্যথা ভুলে যান।,Dhaka,,
এগিয়ে জান লিডার পুরা পৃথিবী আপনার বিপক্ষে থাকলেও আমি পৃথিবীর পক্ষে আছি।,Dhaka,,
আমাদেরও কষ্ট হয় যখন দেখি আপনি নিজের চিন্তা করে …,Rajshahi,Pabna,
কেন ভাই আপনার দৌড়াতে মন চাইলে আপনি ও দৌড়াবেন জ্বালার কি আছে,Dhaka,Manikganj,Narayanganj
আহা জমিদারের ফুত তুমি একটা গাড়ি কিনে দাও,ঢাকা,চট্টগ্রাম,রংপুর
আহারে জমিদারের পুতেরে একটু সুযোগ দে ভাই,Dhaka,Mymensingh,
"""যে যা করে শান্তি পায়, করুক !",Dhaka,,
আমার মনে হয় ওনার খুব দৌড়াইতে মন চাইতেছে,Barishal,,
এটা বরকতি দৌড়,Dhaka,,
"""খনিকের ছেলে বলে কি, যে দৌড়ায় সে কষ্ট পায় না খনিকের ছেলে সার্ভিস মলম কষ্ট পায়",Dhaka,Pabna,
আমি কি হোনুরে।,Dhaka,Khulna,Satkhira
জ্বালা জ্বালা বুকে বড় জ্বালা,চাঁপাইনবাবগঞ্জ,Dhaka,
মায়ের চেয়ে মাসির দরদ বেশি,Khulna,Magura,
"""অন্য দের নিয়ে ভাবতে হবে না, নিজেকে নিয়ে ভাবেন,,",Dhaka,,
কারণ তুমিও একসময় এভাবে দৌঁড়ায় ছিলা,Chittagong,,
"""কাল,থেকে তুমি দৌড়ে যাবা,তোমার চাকরি কনফার্ম ওকে",Dhaka,,
"""ছাত্রলীগের এজেন্ট যখন বাইটে পইড়া জুলাই এজেন্ট হয়ে যায়, আমাদেরও হাঁসি পায়",Chittagong,,
ছাপ্রীদের কাজ তো দৌড়ানোই...,Rangpur,,
"""কিছু পর দৌড়ানো, ধাওয়াতে পৌছাবে",Dhaka,,
"""রাকিবদের ছ্যাবলামো এটা পুরোনো অভ্যেস, সময় লাগবে ধীরে ধীরে পরিবর্তন হতে, তবে তার মন ভালো..! কিন্তু, ৫-ই আগস্ট পরবর্তী তোমার গাড়…",Chittagong,Noakhali,
দফাদার কুকুর মালিকের পিছনে দৌড়াবে এটাই তো স্বাভাবিক হোক সেটা গাড়ি হোক সেটা বাড়ি,Dhaka,Cumilla,Lakshmipur
আহ্!দরদীরে।,Dhaka,,
আর কি কি তোমাকে কষ্ট দেয় মনি,Dhaka,Pabna,
সে কি ছাত্রদল সভাপতি?,Sylhet,,
"""সময় থাকতে বুঝলো না , এক্ষণ বুঝে লাভ নেই । তোমাকে আর গাড়ির পেছনে নিবে না",Khulna,Jessore,
"""মায়ের চেয়ে,মাসির দরদ বেশি",Dhaka,,
তোমার ইচ্ছা হইলে তুমি ও দৌড়াওনা ভাই।,Dhaka,,
তোমাদের কথা ভুলে গেছ?,Chittagong,,
ছাত্রলীগের সাদ্দামের গাড়ির পিছনে দৌড়ানোর গুলা মনে পরে যায় হয়ত,Dhaka,Gazipur,
তোমাদের তো কষ্ট হবেই ভাই,Mymensingh,,
আমাদেরকে বিনোদনদেয় ভাই এগুলা বইলেন না পরে বিনোদন মিস করবো,Dhaka,Comilla,
কে কার পিছে দৌড়াচ্ছে সেটা ভেবে লাভ নাই তুমি কোথায় দৌড়াবে সেই চিন্তা কর,Dhaka,,
আপনার কষ্ট দেখে আমারও কষ্ট হয় সারজিস ভাই।,Dhaka,Gazipur,Chapainawabganj
কেন তোরো কি দৌড়াতে ইচ্ছে করছে,Dhaka,Rangpur,Nilphamari
তুমি এক সময় এক দল থেকে অন্য দলে যাওয়ার জন্য অনেক দৌড়াদৌড়ি করেছ তা জনগন জানে।,Sylhet,Moulvibazar,
Asloye kosto dei...,পাবনা,Dhaka,Pabna
Jomadarer nati koto dorodi,Chittagong,Chandpur,
বরবরা হইলে যা হয়,কুমিল্লা,Chittagong,Cumilla
এটা সমঝোতা করে দৌড়ানো হচ্ছিল,Dhaka,,
তোমরা যে টাকা মারছো সেই গুলোর হিসাব আগে দেও,Dhaka,Satkhira,
"""Same,chamcahr din akhno ase nakii",Tangail,,
Amkeww...boyos hoise dorte pare naa,Mymensingh,,
এএএএএ দালালললল,Dhaka,,
আমিও কষ্ট পেয়েছি,Dhaka,,
সতর বচ্ছর পরে আজ এত আনন্দ। আর এতে অবদান সম্পূর্ণ তোমাদের।কিন্তু তারা এটা শিকার করতে চাইনা। বাকিটা কি হয় আল্লাহ ভালো জানেন,Dhaka,,
এদেশের মানুষের প্রধান লক্ষ্যই হলো বড় বড় নেতাদের পা চাটা,Dhaka,Narayanganj,
Dolkanara comment korce ree,Dhaka,Brahmanbaria,
"""বাংলায় একটা প্রবাদ আছে : অতি বড় বড় নয় ঝড়ে ভেঙ্গে যাবে , অতি ছোট হইয়ো না তাহলে ছাগলের ৩ নং বাচ্চারা খাবে ।…",পাবনা,,
আপনি সরকারী প্রটোকল পাবেননা।তাই আপনার কষ্ট হচ্ছে।,Dhaka,,
কেন ওর যায়গায় কি আপনি দৌড়াতে চান?,Khulna,Bogra,
এতো জ্বলে কেন ভাই,Dhaka,,
ওরে যে স্টেজে নীচে বসাইলো তা দেখে আমার খুব লজ্জা লাগছিল। আহারে সভাপতি!!!,Tangail,,
মুই কি হনু রে মোর ভাতার চৌকিদার আছনু কি হনু কি আরো যে কি হইম,Dhaka,,
কেনো?,ঢাকা,Sirajganj,
"""মায়ে কয় না হুত, খালায় কয় বইন হুত!",Dhaka,Feni,
"""গুটি কয়েকজন মিলে জুলাই আন্দোলন হয়নি, পুরো দেশের মানুষ কাজ করছে,ফায়দা নিচ্ছে বালচাল পুলা গুলো, ফ্যাসিস্ট তাড়াতে যারা শহীদ হয়েছে…",Dhaka,Chittagong,
প্রধানমন্ত্রীর চেয়ারের নিচে পায়ের কাছে ছাত্রদল সভাপতিকে বসিয়ে রাখা কষ্ট দেয় না,Dhaka,,
তুইও গত ১৭ বছর দৌড়ায়ছিস,Dhaka,,
এযাবৎকালে যা বলছিস তোর এই একটা কথা ভালো লাগলো,Dhaka,Mymensingh,Manikganj
ওটা নিয়ে তোমার কষ্ট নাই তোমার কষ্ট হচ্ছে তোমার পিছনে কেউ কেন দৌড়ায় না।,ফেনী,Feni,
তাহলে উনাকে একটি গাড়ি উপহার হিসাবে দিয়ে ! আপনাদের তো এখন টাকার কোনো অভাব নেই।,Sylhet,,
"""উপজেলা স্বাস্থ্য কমপ্লেক্সে যোগাযোগ করুন, ভ্যাকসিনের ব্যবস্থা হয়ে যাবে",Rajshahi,Sirajganj,
"""১৮ মাসে যা লুটপাট করছো, তাতে কষ্ট দেয়না????",Barisal,,
ভাই তোদের মুখে এর চেয়ে ভালো মন্তব্য আশা করা যায় না!,Dhaka,Narayanganj,
হাহাহাহহাহা,Dhaka,,
কেন আপনি যখন ডক্টর ইউনুসের ধনে ধইরা লটকাই থাকতেন তখন কি কষ্ট হয় নাই,Comilla,,
"""আগে বলতি আমার বঙ্গবন্ধু,, এবার বলবি আমার জিয়া,,,,,, সেলুকাস",Chittagong,Lakshmipur,Noakhali
তাহলে আমাদের ভালো লাগবে,Rajshahi,,
কথা সত্য হলেও তুই যে সংসদ সদস্য হতে পারোছ নাই এই দুঃখ আমরাও বুঝতে পারছি।,Dhaka,,
তোরে দেখলে যানি কেমন কেমন লাগে রে,Dhaka,Bogra,
মহাসুখের শেষ হলে সবকিছুতেই কষ্ট হয় সার্ভিস ভাই!,Dhaka,Khulna,Jessore
আপনার কষ্ট লাগলেও আমাদের ভালো লাগে কারণ হাড্ডি দেখলে যেমন কুত্তা দৌড় দেয় প্রধানমন্ত্রীর গাড়ি পেছনে তেমন ছাত্রদল দৌড়ায়,Dhaka,Rangpur,Nilphamari
বেটা ভোটে হেরে পাগল হয়ে গেছে ভাই চিন্তা নেই next time hobe from bd cricketer speech,যশোর,Khulna,Jessore
আহ!! সোনা গো আমার #সেও দৌড়াতে চাই,Dhaka,Rajshahi,Khulna
মুই কোন হনুরে,Dhaka,,
কষ্ট কেন পাবেন ভাই?? সামান্য তেল মারতে গিয়েছিল।,Dhaka,,
এত তো তোমাদের গাড়ির পেছনে দৌড়াইছে তখন কষ্ট লাগে নাই,Khulna,Jessore,
Bhai amakew kosto dei,Dhaka,,
সারজিছের কথা ঠিক আছে,Dhaka,Khulna,Kishoreganj
এটা সেই ছেলে না যে আমার বঙ্গবন্ধু আমার বঙ্গবন্ধু বলে গলার টিস্যু ছিড়ে ফেলতো?,Dhaka,,
তোমার বঙ্গবন্ধুকে নিয়ে তেল দেয়া বক্তব্য কিন্তু শুনেছি!,Dhaka,,
বাচা একটা চাটাচাটি না করলে উপরে উঠা যায় না।উপরে উঠতে হলে নেতার জুতা চাটতে হয়। সেই জন্য প্রধানমন্ত্রী গাড়ি পিছনে দৌড়ানো লাগে।বুঝছো সারজিস,Dhaka,,
তাহলে তোমার পিছে দৌড়াবে নাকি?,নোয়াখালী,Dhaka,Noakhali
তোমার পেছনে দৌড়ালে কি খুশি হতে।,Dhaka,Khulna,Jessore
তুই ১৬ মাস কার গাড়ির পেছনে দৌড়ে ছিলে?,Sylhet,,
আমার বঙ্গবন্ধু বলে তেলবাজী করা সারজিদ আলমের কষ্ট হওয়াটাই স্বাভাবিক,সিলেট,Sylhet,
কেন? তুমি দৌড়াবে?,Dhaka,Mymensingh,
অন‍্যের বিষয় না দেখে তোমাদের দূর্নীতির খবর নে,Dhaka,,
তেল মারতে দৌড়ায় ছাত্রদল,Dhaka,,
পোদ পেতে হবে ত চা-টা চাটি করলে তো ভালো ফলন আসতে পারে সেটি হোক না মান ইজ্জত এর লড়াই,Chandpur,,
Amar chotobelar kotha mone pore. Cinemar liflet dito rickshaw te. Peson peson douratam ekta liflet paoar jonno. R pele monta h…,Dhaka,,
Manushjon je rastai ghontar por ghonta take thake erjonnyo kosto hoi na..?!..ekhon desh gorar kaje lege gele Valo hobe...manush upokrito hobe ..,Dhaka,Chittagong,
তাহলে কি ছাত্রলীগ দৌড়লে খুশি হতে,Chittagong,,
তুমি কস্ট পাইলে আমাদের শান্তি লাগে,Narayanganj,,
আহা কি জ্বালা! অন্তর জ্বালা,Dhaka,Gazipur,
আরে কি মায়া! টাকলা মুরাদ ২,Dhaka,Faridpur,Gazipur
Jole,Dhaka,,
"""ইতে দৌরিলে দৌরগ্গই এনা, তুয়াত্তুন কা জ্বলের",Chittagong,Cox's Bazar,
এত কষ্ট প্রেমিক হয়ে গেছে নাট বোল্ডর নাতি,Sylhet,Habiganj,
জলে নাকি চলে সাজিস মলম,Dhaka,,
জমিদারের নাতি হোগা সার্ভিস,Dhaka,,
"""এতো কষ্ট ,কষ্ট লাগে কেনোযে অন্তরে",Khulna,Rangamati,Jessore
আর কি দেয় সোনা,Chittagong,Lakshmipur,
তুই দৌড়াইস তাইলে,ঢাকা,নরসিংদী,Dhaka
তাতে তোমার এতো জ্বলে কেন আমার বুঝে আসে না,Dhaka,Chittagong,Pirojpur
আপনাদের কয় পর জেল খাটাবে বিএনপি। সেটা চিন্তা করে আমাদেরো কষ্ট হয়,চট্টগ্রাম,Dhaka,Gazipur
প্রধানমন্ত্রী বিএনপি'র ছাত্রদল দৌড়াবে না তো কে দৌড়াবে তুই,Chittagong,Noakhali,
তোমার সমস্যা কোথায় ?,Dhaka,Barguna,
জালারে জালা অন্তরে জালা,Sirajganj,,
Jamater lungir tale dukle vlo lage,Barisal,Patuakhali,
"""ও মা গো তাই নাকি মোস্তাক, মায়ের চেয়ে মাসির দরদ উপচে পড়তেছি দি",Kishoreganj,,
জ্বালারে জ্বালা অন্তর জ্বালা,Dhaka,Narsingdi,
Tor bada oii joggota nai Togo any koyta kormi acy ncp …,কিশোরগঞ্জ,Dhaka,Kishoreganj
কেন রে তুই দৌড়াতে চাইছিলি পারিস নাই সেজন্য তোর এতো কষ্ট???,Jashore,,
আসলে দেখলে খারাপই লাগে,Sylhet,,
আমাকেও দেয়,নোয়াখালী,Dhaka,Comilla
হাতে বিস্কুট থাকলে কুকুর তো পিছে পিছে দৌড়াবেই,Dhaka,Barisal,
"""শরীর চর্চা করছে,এটা স্বাভাবিক ব্যাপার,এ নিয়ে বলার কি আছে",Rangpur,,
দৌড় প্রতিযোগিতা প্রথম হইতে ছায় রাকিব চাচা,Narail,,
তুমি তোমার নিজের চিন্তা করো মিয়া। কে দৌড়ায় কে হাটে এগুলি দেইখ না,Comilla,,
beta tui age july foundation er hishab de,Dhaka,,
"""কাল থেকে তুমি দৌড়াইও ভাইয়া, হাহাহা। এমন ধরনের মন্তব্য অবাঞ্ছিত",Dhaka,Satkhira,
"""ঠিকই-দৌড়াবে তো সারবিস আলম,,।",Dhaka,Narsingdi,
ওর কি সমস্যা?,Sunamganj,,
পলর এ্যাডা,Chittagong,,
হ্যাঁ আপনি সত্য বলেছেন,Khulna,,
এখন সবকিছু আমাদের কাছে শিখতে হবে,Dhaka,Tangail,
তোমার দৌড়ানির কিয়াল নি তে,সিলেট,Sylhet,
ছাত্রদলের কর্মকাণ্ড দেখলে মনে হয় ছাত্রলীগের রাজনীতি অনেক সম্মানের ছিল!ছাত্রদলের আচরণ লজ্জাজনক!,Chittagong,Cox's Bazar,
পা চেটে যখন বেশি চাটে তখন ওইকাজ করে,Rangpur,Nilphamari,
বেশি কষ্ট পেলে বুড়িগঙ্গার পানি খান কষ্ট দূর হয়ে যাবে,Cox's Bazar,,
Vai tumi je kono np na taw amn vab koro tumi np theke boro kico Np der pico pico goro,Dhaka,Khulna,Kushtia
তোহ তুরা দৌড়া,Dhaka,Comilla,
Manush khocha mara o bujhe na ha ha bujhbe kmne leader tader HSC pass mile mishe korbe kaz mane chanda,Narayanganj,,
হেতে এখন ছাত্রদলের উপদেষ্টা হবার চায়। মার থেকে মাসির দরদ উৎলে উঠছে,Dhaka,,
আমাদের কে ও কষ্ট দেয় কিন্তু আমার কষ্টে ছুটে হাসি,Sylhet,,
এইখানে সার্ভিস ভাই কেন কষ্ট পাচ্ছে সেটাই বুঝতে পারবে না আমাদের বয়স্ক সংঘঠন,Dhaka,Mymensingh,Gazipur
"""সেটাই তো দৌড়ানোর কি আছে রে ভাই,, মানে ব্যক্তিত্ব বইলা কিছু নাই",Dhaka,Khulna,Magura
কেমন কষ্ট?,Sylhet,Sunamganj,
"""তুমি যে আপা আগা করতা, আমার আমার৷ ----------",সিলেট,Sylhet,
Chata chati,Dhaka,,
মায়ের থেকে মাসির দরদ বেশি,Dhaka,Pabna,
তোমাকে সুযোগ দিলে কাল থেকে আরও জোড়ে দৌড়ানো শুরু করবা।,Dhaka,,
যো দৌড়ায় তার কষ্ট লজ্জা প্যারা কিছুই তুমি শুধু শুধু প্যারা নাও কেন।,Dhaka,,
ওবায়দুল কাদের বলেছিল খালি দৌড়াচ্ছে,Dhaka,Chittagong,Noakhali
সারা জীবন মন্ত্রীর পিছনে দাঁড়িয়ে থাকা মানুষ আজ কি বলে,Dhaka,Gazipur,
সারজিস আবার সংসদ সদস্য কবে হলো? নিউজে তাই লেখা,রংপুর,বগুড়া,Dhaka
একটু চাটা চাটি না করলে কি আর হয়,Rajshahi,Pabna,
তোমার এতো কষ্ট কেন?,Dhaka,,
জ্বলে হা আমি যদি দৌড়াতে পাইতাম। এভাবে ই হিংসা করে শেখ হাসিনার ঘনঘটা বাজিয়েছি।,Sylhet,,
উড়িষ্যার তেল মারে,গাজীপুর,Mymensingh,
আসলেই তার কোন মূল্যেই নাই,Dhaka,Jamalpur,
"""কষ্টের কি আছে বাড়া,",Thakurgaon,,
হাসিনারে যখন তেলাইতেন তখন খুব সুখ সুখ লাগছে।আমাদের এনসিপি সাহেবর।,ঢাকা,গাজীপুর,Dhaka
তুমি এমপি হও নাই তাই আমরা কষ্ট পাইছি,Dhaka,,
কেন ভাই জায়গা টা কি আপনার লাগবে!!!,Chittagong,,
কারণ তুমি দৌড়াতে পারো না,ঢাকা,Dhaka,Narayanganj
কতবড় মায়াশীল ব্যক্তি রে,Dhaka,,
নিজেরাও তো কম দৌড়ান নাই,Dhaka,,
তুই দৌড়া,Dhaka,Chittagong,
জামাতের নির্বাচনী জনসভায় সাদিক কায়েমদের বক্তব্য প্রচারণায় এনসিপির কলিজা ঠান্ডা হয়ে যায়,ঢাকা,Dhaka,Sirajganj
তো তুই হোন দে যাই,ঢাকা,Feni,
যে দৌর দিছে অলিম্পিক এ একটা মেডেল তার জন্ন্য রাখা উছিৎ ভাবা যায় ছাত্র সংগঠনের সভাপতির কারবার হইলো এই,Dhaka,,
লীগের যখন পা চেটে ছিল তখন কষ্ট লাগেনি,ঠাকুরগাঁও,Dhaka,Rangpur
বাশ টা দিছে একেবারে জায়গা মত।,চট্টগ্রাম,কুষ্টিয়া,Dhaka
Botder sob kichutei JOLE,Dhaka,Chittagong,Lakshmipur
"""এক সময় তিনিও আওয়ামী লীগের নেতাকর্মীদের পিছনে ঠিক এই ভাবেই দৌড়ে বেরাতেন, তাই সে কষ্টটা বুঝতে পারছেন",Dhaka,,
যারা দৌড়ায় তাদের কষ্ট লাগে না,Dhaka,Tangail,
"""সরম দিলে ভাইরে, লাখ টাকা খাওয়াই দিবো রাজনিতীর বাইরে।",Chittagong,Comilla,
মায়ের থেকে মাসির দরদ বেশি হলে যা হয় আরকি।,Dhaka,,
আহ হা রে সোনা গো আমার...,Dhaka,,
মুলদলের উপরের আওয়ামী ঘেঁষা নেতাদের থেকে ছাত্রদল অনেক অনেক ভালো।,Dhaka,Pabna,
কষ্ট হলে তুমিও দৌড়াও,Dhaka,Chittagong,Lakshmipur
কেন তোমার গোয়ায় আগুন লাগছে নাকি???,Dhaka,Barisal,Bhola
আহারে জমিদারের পোলা,Chittagong,Mymensingh,Rangamati
"""সার্ভিস, তুই কোন চ্যাটের চুল?",ঢাকা,Dhaka,Lalmonirhat
Kno,Chittagong,Bandarban,
কষ্টের কি আছে তুমি যখন ছাত্রলীগের লুঙ্গির তলে ছিলা তহন তোমাকে দেখে কষ্ট হতো এটা ভেবে যে মুতে তো ছেলেটা বেশে যাবে,Dhaka,Mymensingh,
নরেন্দ্র মোদী আমার বাবা লাগে এজন্য ইন্ডিয়াতে সাপোর্ট করি ভারতকে আমি ভালোবাসি নরেন্দ্র মোদি আমার আব্বা লাগে এজন্য এজন্য ভারতকে ভালবাসি,Dhaka,,
অন্তরে জালা,নওগাঁ,Dhaka,Gazipur
কোন নেতা যেন বলছিল ভোটের আগে পর্যন্ত আমরা মানুষের ঘরে ঘরে যাব পরে আমাদের পিছনে পিছনে ঘুরবে,Chittagong,Cox's Bazar,
ষার বিয়া তার খবর নাই আর এদিকে সারজিসের ঘুম নাই,Dhaka,Habiganj,
"""একজন কেন্দ্রীয় নেতা যদি এমন করে, তাহলে কর্মী কেমন করবে",Chittagong,Noakhali,
এসব বলে ফর্মে উঠতে চাও বাপু,Chittagong,Cox's Bazar,
ক্যাম্পাস এ রুটি ডাল খাওয়া পুলা যখন এখন কোটি টাকার গাড়ি নিয়ে ঘুরায় এইটা আমাদের অনেক কষ্ট লাগে,দিনাজপুর,Dinajpur,
নয়ন lite,Dhaka,Munshiganj,
তোমার তো সেই সৌভাগ্য হয় নাই রে ছোকরা।,Sylhet,,
আমাকেও,Dhaka,,
"""চিন্তা করা যায় মানুষ কি লেবেলের দলান্ধ হতে পারে ? সে কিন্তু খারাপ কিছু বলে নাই অথচ তাদের কাছে খুব খারাপ লাগতেছে , কারন এরা চা…",Dhaka,Jamalpur,
আহ্ সোনা কষ্ট হচ্ছে বুঝি,Chittagong,Lakshmipur,
আসোলেই,Dhaka,,
টুপি কই ভাস্তে,বগুড়া,Sylhet,Bogura
হুম। তুমি দৌড়াতে না পেরে যে কষ্ট পেয়েছ। বুঝতে পারছি।,Dhaka,,
"""জমিদার, মহাসুখের শেষ হলে সবকিছুতেই কষ্ট হয়। আমরা বুঝি ছাত্রলীগের এজেন্ট যখন বসুযোগ নিয়ে জুলাই এজেন্ট হয়ে যায়, আমাদেরও হাঁসি পায়",Dhaka,,
Jomider er nati nki bole apne?,Dhaka,Thakurgaon,
তুমি দৌড়াতে চাও নাকি,Dhaka,,
সাবেক ছাএলীগ নাকি?,ময়মনসিংহ,,
দৌড়ায় ক্যান,Tangail,,
একটা গাড়ি কিনে দেন,কিশোরগঞ্জ,Mymensingh,Kishoreganj
ও্যার বিচার আগোত হওয়া লাগবে,Dhaka,,
প্রধানমন্ত্রী যে উনার ভাই.......,Dhaka,,
"""বাঙালির রক্তে, হৃদয়ে ,মস্তিষ্কে, দাসত্ব মিশে গেছে এই দাসত্বের শিকল ভাঙ্গা খুবই কঠিন কিন্তু অসম্ভব নয় ,,,,,,",বরিশাল,Dhaka,Barisal
আমাকেও,Dhaka,,
হে দৌড়াইছে তোর সমস্যা কোতাই বিড়ি খুর,Dhaka,Kishoreganj,
আমিও সেম কমেন্ট করছি oi vedio dki...amio obag ওনি কি নেতা নাকি সাধারন ছাত্র ইতিমের মতো দৌড়ালো,দিনাজপুর,Rangpur,
তাহলে তুমি প্রধানমন্ত্রীর গাড়ির পেছনে দৌড়াও শান্তি পাবা,Dhaka,,
"""তোমরা যখন গাড়িতে চড়ে বেড়াইছো , মুরুব্বীরা তোমাদের গাড়ির পেছনে দৌড়াইছে ওটা দেখে আমাদেরও খুব কষ্ট লেগেছে",Dhaka,,
Jubodoler noyoner nam taw bolten,Rangpur,Dinajpur,
তোমাদের কস্টের শেষ নেই গো,Dhaka,Gazipur,
আমিও কষ্ট পাই,Dhaka,,
বুকটা ফাইট্টা যায় এখানে তো দৌড়ানোর কথা ছিল তার খেলা যে চলছে কোন লেবেলে।,Dhaka,,
জমিদারের নাতিকে নেওয়া দরকার,Dhaka,,
আমাকেও কষ্ট দেয়,Dhaka,Kishoreganj,
"""Amk o kosto dey,,,ei bura boyoshe dour jhap korte hoy tar",Dhaka,,
মা থেকে মাসির দরদ বেশি হয়ে গেলো না সার্বিস আলম,Sylhet,,
একদম।,Dhaka,,
টোকাই,Dhaka,,
দুই ের বৈরাগী বলে কি।,Dhaka,Chandpur,
তারা তো হাগল এর লাইগাই দৌড়ায়,নাটোর,Dhaka,Natore
ইউনুস কে রাষ্ট্রপতি হিসেবে দেখতে চাই,Dhaka,,
জ্বলে নাকি?,Dhaka,Dinajpur,
সেই মানের মানবতা,Dhaka,,
এত বেশি মনে কষ্ট নিলে রোজা ভাঙ্গার কারণ হয়ে দাঁড়াবে!,Chittagong,Noakhali,
এটা গুড পলিটিক্স। সরকার থেকে দল আলাদা এটা প্রমাণিত হয়।,Chittagong,Rangamati,
"""রাকিবের পরিবর্তে ওকে নিয়োগ দেওয়া উচিত, অনেক অভিজ্ঞতা আছে",Dhaka,,
প্রধানমন্ত্রী এটা সবার। চাইলে আপনিও দৌড়াতে পারেন।,Dhaka,,
থাক সার্জিস ভাই এটা তাদের সমঝোতার মধ্যে পড়ে,Chittagong,,
ছাত্রদলকে বলা হয় প্রধানমন্ত্রীর ভ্যানগার্ড।সুতরাং নিরাপত্তা এবং প্রটোকল হিসেবে যার যেভাবে থাকা দরকার সে সেখানেই থাকবে। আর বই ম…,ঢাকা,নাটোর,Dhaka
"""নপতা আপনি এগিয়ে যান,সাড়া দুনিয়া আপনার বিপক্ষে থাকলেও আমি কিন্তু দুনিয়ার পক্ষেই",Dhaka,Kishoreganj,
রক্তে যার গোলামীর বীজ সে কেন বৃটিশ আর্মিতে ভর্তি হবে না।,Dhaka,,
ভোট দিবো কিসে ধানের শীষে,Dhaka,,
মনে হচ্ছে একটি ক্ষুধা কুকুর দৌড়াচ্ছে,Dhaka,Madaripur,
"""আইসো আবার মব করতে, তুমার অপেক্ষায় বাংলাদেশ, …",Tangail,,
"""ছাত্র দল রাকিব লিডারের পিছে দৌড়ায় , আর সরম লাগে আমার",Dhaka,,
আইছে আমার নয়া মুসলমান।,Dhaka,Khulna,Satkhira
জাতির আউব্বার গুনগান করো তখন??,Sirajganj,,
আন্দুলনের ডাক লিদার,Dhaka,Feni,
বিষয়টা খুবই দুঃখজনক,Patuakhali,,
কুকুর তো অনিবার পিছনে দৌড়াবেই।,Dhaka,Rangpur,Faridpur
এটা ওদের প্রাপ্য,চট্টগ্রাম,Chittagong,
তুয়ার কি সমাস্যা,Chittagong,Cox's Bazar,
তাহলে ছাত্রদলের রাকিবের বদলি তুমি দৌড় দিয়ে দাও তাইলেই তো হয়।,নরসিংদী,Dhaka,Rangamati
ছাত্রদলের কোন পেশা নাই দৌড়ানি তাদের পেশা,Chittagong,,
Faaaaahh,Habiganj,,
এটা একটু বেশি হয়ে গেছে দৌড়াদৌড়ি,Dhaka,Chittagong,Lakshmipur
Fahim Khan,Dhaka,,
তুই কি করতি মনে আছে!!!,Sylhet,,
আমায় বিনোদন দায়,বরিশাল,Barishal,Barisal
"""নেতার ছেলে নেতা হবেন।আর কর্মীরা হবেন পরিচ্ছন্নতা কর্মী ।নেতার ছেলে নেতা হবে, আর মাঠে যারা কাজ করে তারা সারাজীবন কর্মীই থেকে …",বগুড়া,Rajshahi,Bogura
ছাত্রদল সভাপতি না ও চামচা,সাতক্ষীরা,Khulna,
তুমি দৌড়াতে চাও? সরকারি কাজের বাইরে দলীয় কার্যক্রমে ছাত্রদল আসবে এটাই স্বাভাবিক।,Chittagong,Feni,
কেনো তোমারও কি ইচ্ছা করে নাকি!!,Dhaka,Faridpur,
রাজনীতি সহজ পসা এদের কাছে বুজলেন ভাইটু চাটা চাটি ভালো জানা থাকলে কাজ ওকে,Dhaka,,
"""ওনারা এখন আবোল তাবোল বলতেই থাকবে, কেননা দেড় বছরে যা পাইছে মৃত্যুর আগ পর্যন্ত ভুলতে পারবেনা",Dhaka,Joypurhat,Naogaon
আমিও কষ্ট পাইছি তুই ফেল করাতে,Tangail,,
Right,নরসিংদী,Dhaka,Faridpur
আমার বঙ্গবন্ধু,Dhaka,Narsingdi,
তোমার পিছনে যখন মেধাবী নামক ছাত্ররা দৌড়ায় তখন ভালো লাগে?,Chittagong,Brahmanbaria,
চাচায় ভালো দৌড়ে,কিশোরগঞ্জ,Dhaka,Kishoreganj
আমার কাছেও খারাপ লাগে,বরিশাল,Barisal,
বয়সের দোষ,Cox's Bazar,,
এটা বিএনপি ছাত্র দল তাই সম্ভব।,ঢাকা,Dhaka,
"""আসলেই লজ্জাও এবং সাথে দলের ভাব মুর্তি নষ্ট হলো,কিন্তু ছাত্রদল সভাপতি উনার নিজেরই'ত ব্যাক্তিত্য নেই।",Sylhet,,
এই দেহি নাসির পাটোয়ারী টু,Dhaka,,
"""শেখ হাসিনার পিছনে যখন যাইতি,তখন ঠিক ছিল",চট্টগ্রাম,Chittagong,
মায়ের থেকে মাসির দরদ বেশি,Chittagong,,
এতে তুর কি সমস্যা। এটা যার যার ব্যাক্তিগত বিষয়।,Brahmanbaria,,
কি তুমি দৌড়াতে পারলে ভালো হতো?,কুমিল্লা,Dhaka,
তুই দৌড়াইতে চাস,Dhaka,Jamalpur,
ওরে জালা অন্তর জালা,ভোলা,Bhola,
এখন যদি একটা মার্সিডিজ গাড়ি নিয়ে ঘুরতো তাইলে বলতেন যে এত টাকা কই পাইসে আর এখন দেওরা তারপর আপনাদের সমস্যা,Dhaka,,
লুঙ্গির নিচে থাকতে পারলে আরাম লাগে,Chittagong,,
প্রধানমন্ত্রী পিছে দৌড়াবে না ছাত্রদলের পোলা তাহলে তুমি দৌড়াবে তার পিছে,Dhaka,,
তুমিতো জমিদারের নাতি তারে একটা গাড়ী কিনে দাও,নোয়াখালী,Dhaka,Chittagong
তুই দৌড়াতে শুরু কর,Comilla,,
ভালো,Dhaka,,
আপনার কষ্ট পাওয়া দেখে আমরাও কষ্ট পাচ্ছি,Chittagong,,
সেই কষ্টও কি তুমার পেছন দিকে নাকি ভাতিজা।,Sylhet,,
মায়ের থেকে মাসীর দরদ বেশী।,Dhaka,Chittagong,
"""হালা গো মাথা খারাপ হয়ে গেছে, তুমি দৌড়াতে যাইলে চেষ্টা করতে পারো।",Dhaka,Khulna,Gazipur
তুমিও গিয়ে দৌড়াও,Dhaka,,
ওরা দৌড়াবে না হাঁটবে তাতে তোর সমস্যা কেনো?,Comilla,,
সারজিস ভাইয়ের শেখ মুজিবকে আব্বা ডাকাও আমাদের কষ্ট দেয়,Sylhet,,
তুমিও গিয়ে দৌড়াও ভাই।তোমাকে ডাক দেয়নি তাই কষ্ট হয়।,চাঁপাইনবাবগঞ্জ,Chapainawabganj,
সে যদি এই সুযোগ পাইতো,Sylhet,,
জ্বালা অন্তর জ্বালা,Dhaka,Feni,
বিষয় টা ভাবতে হবে,Dhaka,Pabna,
বাগবাটোরা কমে গেছে তাই অন্যের দৌড়ানি দেখে কষ্ট হয়,Dhaka,Comilla,
আগে সে ছাত্র লীগের পিছনে দৌড়াদৌড়ি করতো এখন সেই সুযোগ বিএনপি ছাত্র দল দিল তাকে।,Dhaka,Rajshahi,
তোমার গাড়ির পেছনে যখন দৌড়ায় তখন তুমি কষ্ট পাও না? হাস্যকর।,Dhaka,Gazipur,
যাক ছাত্রদল যে কষ্ট করছে তা মার্কেটিং করে দিল।,Chittagong,,
অন্তরে জ্বালা তোমার জ্বালা দেখে কাউরে কিছু যায় আসে না,চাঁপাইনবাবগঞ্জ,Rajshahi,
রাইট,Dhaka,,
তোমার ও ইচ্ছে করে বুঝি,Dhaka,Kushtia,
তোমার পেছনে দৌড়াবে?,Khulna,,
"""মনে নাই বাটপার, আমার বঙ্গবন্ধু না কে বলে ছিল ?",Dhaka,Mymensingh,
হাসিনার গাড়ীর পিছনে তোমাদের দৌঁড়ানো আমাদের আনন্দ দিতো।,Dhaka,,
তোর এতো কস্ট কেন রে ভাই।,Dhaka,Shariatpur,
ইউনুস সরকার যাওয়ার পরে তোমাদের সবকিছুতে কষ্ট।,Chittagong,,
আহারে এতো কষ্ট কেরে,Dhaka,Chittagong,
হাতে পাচ আঙ্গুল তাকে কোনটি দিলে শুনি,সিলেট,,
Bat 'par',Chittagong,Noakhali,Habiganj
"""আহারে,,,নেত্রী আজ দেশে নাই বিদায় দৌড়াতে পারে না",Dhaka,Narsingdi,
চাটার জন্য বাঙালি সেরা।,Chittagong,Brahmanbaria,
তোমারে কষ্ট দেয় কেন যে দৌড়ায় তার কোন কষ্ট হয় নাহ।,Dhaka,,
কেন সোনা __??,Dhaka,,
তাতে তোর জ্বলে কেহেন ভাতিজা,Dhaka,Chittagong,
তুমি কেন কষ্ট পাবে বুঝিনা,Cox's Bazar,,
আহাগো,শেরপুর,Mymensingh,Sherpur
সাবেক ছাত্রলীগ নেতার মায়ের চেয়ে মাসির দরদ বেশি,কক্সবাজার,,
অটো পাশে আসছো বহুদূর,পটুয়াখালী,Dhaka,
তুই মনে হয় তোর গুরেও বলস তোরে হেতে কষ্ট দে,Chittagong,,
"""সবাই মিলে গড়ে তোলার চেষ্টা করুন ( united Bangladesh ) ইউনাইটেড বাংলাদেশ, এখনো কিন্তু সময় আছে এখনো কাদা ছোড়াছুড়ি শুরু হয় ন…",Dhaka,,
"""আপনাকে কষ্ট দিচ্ছে কেন, তার উপর ছেড়ে ওটা!",চট্টগ্রাম,কক্সবাজার,Chittagong
আমি ও কষ্ট পেয়েছি MD Oliullah ভাই আপনি কষ্ট পাইছেন নাকি,Dhaka,,
কারাও পিছনে না লাগাই ভালো,Mymensingh,,
আরে এগুলা চাটাচাটি,Dhaka,Narsingdi,
জ্বালারে জ্বালা অন্তরে জ্বালা,Dhaka,,
"""কেন জ্বলে নাকি রে?? প্রধানমন্ত্রী তারেক রহমান ছাত্রদলের সাংগঠনিক অভিবাবক, তো তার গাড়ির সাথে ছাত্রদলের কেন্দ্রীয় সভাপতি কেন শু…",Dhaka,,
কথা সত্যি ভাই,Dhaka,,
যে দৌরায় তার সমস্যা নেই আপনাদের এত চুলকানি কেন? যে দৌরায় তাকে দৌরাইতে দেন। সে তো এটাকে এনজয় করে।,Dhaka,Barisal,
সে দৌড়াবে না কি করবে তার ব্যক্তিগত ব্যাপার তোর কষ্ট লাগলে তাকে গিয়ে একটা গাড়ি কিনে দে,Chittagong,Noakhali,
"""চাচার হইছে বিপদ। এদিকে মানুষের মন পাচ্ছে না,ওই দিকে ১৫ বছরেও পাস করতে পারতেছে না,বিয়ে করতে গেলে আদু ভাই বলে তাড়িয়ে দেয়।",Chittagong,Comilla,
তুমি আইসা একটু দৌড়ইয়া রাকিবকে হেল্প কর।,ঢাকা,রাজশাহী,কুষ্টিয়া
সফিক দাদু জিতলে আমিও দৌড়াতাম,Comilla,,
তুই মাশা বড়ি খা ব্যাথা দুর হবে।,Dhaka,,
একটু চাটার জন্য দৌড়াদৌড়ি করে আরকি,Chittagong,Brahmanbaria,
আমি আগে মনে করতাম আওয়ামী লীগের মধ্যে চামচার অভাব নাই! পরে দেখলাম পতিত স্বৈরাচারের পর এর চেয়ে হাজার গুন বেশি চামচা এই বিএনপিতে। আল্লাহ মাফ করুন।,Dhaka,Chittagong,Chandpur
SB Belal,Dhaka,,
রাইট।,Feni,,
জমিদার এরের নাতি বলে কথা সার্ভিস আলম,Sylhet,,
মানবিক মানুষ,Dhaka,,
চাটাচাটিতে আদু রাকিব সেরা রে,Chittagong,,
তুই ও দৌড়া তুরে কে মানা করছে...,Chattogram,Chittagong,
Vai toder goyar modde eto jole keno,Dhaka,,
এই জমিদারের নাতি কোথায় জ্বলে,Dhaka,,
"""আসলেই লজ্জাও এবং সাথে দলের ভাব মুর্তি নষ্ট হলো,কিন্তু ছাত্রদল সভাপতি উনার নিজেরই'ত ব্যাক্তিত্য নেই।",Sylhet,,
এরা মুলত ছাত্র না চাটুকার।,চট্টগ্রাম,Sylhet,
জ্বলে রে জ্বলে,Bogura,Bogra,
সত্যি অনেক হাসি পায়,Dhaka,,
"""প্রধানমন্ত্রীর গাড়ির পিছনে নয় সে বিএনপির সভাপতির গাড়ির পিছনে দৌড়দেয় কারন এটা তাদের আবেগ ভালোবাসার যায়গয়, এরা বিগত ে ম্যাডা…",Chittagong,Khulna,Patuakhali
কেন রে জমিদারের নাতি তুই একটু সুযোগ চাস নাকি,মানিকগঞ্জ,Dhaka,Manikganj
সাদ্দামের এক কলে ২০০ বার আব্বা বলা সারভিজ মলম রাকিব ভাইকে নিয়া সমালোচনা করে হাই খালিদ,Dhaka,,
ছাত্রদলের সভাপতি সাধারণ সম্পাদক সহ সুপার ফাইভের সদস্যরা দলের চেয়ারম্যানের নিরাপত্তার ভ্যানগার্ড হিসেবে গাড়িবহরে থাকবে সেটাই …,Chittagong,,
আমাকেও,Mymensingh,,
মায়াকান্না,Dhaka,Barisal,
নেতা দয়াকরে যদি তার চাদমুখ খানা একটু দেখতেন,Dhaka,Brahmanbaria,
দুঃখের বিষয় তুমি তো প্রধানমন্ত্রীর গাড়ির পিছনে দৌড়াতে পারলাম না আমি কষ্ট পেলাম,চট্টগ্রাম,Chittagong,Noakhali
চাটুকারিতা রক্তে তো কি করবে।,Dhaka,Gazipur,Jamalpur
জ্বালা আহ জ্বালা,Dhaka,Kishoreganj,
"""নিজের সম্মান কেউ নিজে ধরে রাখতে না পারলে, কার কি দোষ! চাটুকারিতা থেকে আমরা কবে বের হতে পারব, কে জানে?",চুয়াডাঙ্গা,Dhaka,Khulna
একটা গাড়ি কিনে দিতেই পারেন অনেক টাকা ইনকাম ত করেছেন,Dhaka,Pabna,
কুকুর তার মালিকের পিছনে দৌড়াবে এটাই স্বাভাবিক।,ঢাকা,,
একে আইনের আওতায় আনা হোক,Jessore,,
আসলেই!রাকিব ভাইকে এভাবে দেখে হাসি নয় কষ্ট লাগলো।,সাতক্ষীরা,Khulna,Satkhira
আহারে কি কষ্ট,Khulna,,
সিষ্টেম কখনোই বদলাবে না,Dhaka,Rangpur,
আহারে যারা নারী নেতৃত্ব কে শেষ করতে মরিয়া হয়ে উঠেছেছিলো তাদের মুখে এগুলো মানায় না,Khulna,Magura,
ভাইছা আন্নেরা কার পেছনে ছিলেন,Chittagong,,
তুইও দৌড়া তাহলে কষ্ট ভুলে খুশি খুশি লাগবে,Khulna,Satkhira,
আগে যেমন আমার বঙ্গবন্ধু বলে কান্না করতি এখন আমার প্রধানমন্ত্রী বলে তেমন শুরু কর,Barisal,Rangpur,
একটা দলের সূতিকাগার ছাত্র কমিটি। যা থেকে উৎপাদন হবে দলের ভবিষ্যৎ প্রজন্ম! এই দলের প্রেসিডেন্টকে দলের শীর্ষ নেতার অবমূল্যায়ন সত…,চট্টগ্রাম,নরসিংদী,Chittagong
"""অ্যায়ও তো বিনোদনের বস্তু হয়ে যাচ্ছে ে ে,,,,",Rangpur,,
এই দৌড়টা কত যুবকের স্বপ্ন,Chandpur,,
যুবদল নেতা,Dhaka,,
কষ্ট ফেলে বলতে হয় না!,নরসিংদী,Dhaka,Chattogram
রাইট,Dhaka,Khulna,Satkhira
কিন্তু তুই যে একসময় সিংগারার প্লেট আর চায়ের কাপ টানতি? মনে নাই?,Dhaka,,
আস্তাগফিরুল্লাহ,জামালপুর,Dhaka,Jamalpur
বিতর্ক ছাড়া এই দেশ কি কখনো শান্তি আসবে ?,Barisal,,
কিন্তু কেনোরে ভাই ??,Dhaka,Munshiganj,
আদু ভাই দৌড়াতে পেরে খুশি,Dhaka,,
বুঝেন না তারা একটু দৌড়াইয়া মার্কেট খুঁজে যোগ্যতা নাই কি করবে,সিরাজগঞ্জ,,
না দৌডালে পদ থাকবে?,Dhaka,Chittagong,Feni
Wow,Sylhet,,
দুষ্ট পোলা এইভাবে বলে না মুরুব্বি রাকিব ভাই বলে কথা,Dhaka,,
ছাত্রলীগের এজেন্ট যখন বাইটে পরে জুলাই এজেন্ট হয়ে যায় আমাদেরও হাঁসি পায়,Dhaka,,
R8,Sylhet,,
"""ঐ লোকটা একটা সেক্টরের কমান্টার তাই ভাল দৌড়াতে পারে, পায়ের তলায় বসে ছাটতেও পারে",কিশোরগঞ্জ,Dhaka,Kishoreganj
tight,Dhaka,Mymensingh,Gazipur
আহারে ক্ষণিকের ছেলেরে,Dhaka,,
জ্বলে নাকি ?,ঢাকা,Dhaka,
"""আবার ঐ আদু ভাইদের জন্য,এই পোস্টে অনেকে হা হা দেয়",বান্দরবান,Dhaka,Bandarban
উনার ব্যাক্তিত্ব নেই।,Dhaka,Tangail,
চাটার জোস আসলে দৌড় এমনি চলে আসে।,Dhaka,Kishoreganj,
কষ্ট নিয়েন না সামনে আরো কষ্ট ভোগ করতে হবে,Chandpur,,
ছাত্রদলের সভাপতির পরিবর্তে তাকে দৌড়ানোর দায়িত্ব দেওয়া হোক।,Sylhet,Netrokona,
"""এটা লজ্জার কি আছে, এটা অলিম্পিক দৌড় প্রতিযোগিতা ছিলো",Dhaka,Khulna,Narail
তুমি ছাদ্দামের পিছে দৌড়াইতা,Dhaka,Gazipur,Bagerhat
"""থাক ছোট ভাই মন খারাপ করিস না,,,, তুই আমার বিএমডব্লিউ গাড়ীর সাথে এসে দৌড়াইস,,,,,",রাজশাহী,Rajshahi,
এই ছেলেটি কে?,টাঙ্গাইল,Tangail,
Salman Kabir Arif Rahman Md. Tajul Islam …,Kishoreganj,,
আরো অনেক কিছুতে কষ্ট দিবে,Chittagong,,
তুই ও দৌঁড়া......,Chittagong,Jhenaidah,
লুঙ্গি থেকে পায়জামা আর পালাবি কোথায়,ঢাকা,Dhaka,
আর কিছুতে কষ্ট হয়না,Barisal,,
মাওলানা সারজিত বলে কি,Dhaka,Narsingdi,
তয় কি তোর পিছের দৌঁড়াবে?,Dhaka,Faridpur,
পাগলীর কথা,চট্টগ্রাম,Chittagong,
আগের নাই রে নাতি জুলাই বেইচা ভাত খাইতি।।।,Dhaka,,
জুলাইয়ের সবচাইতে বড় গাদ্দার।,Dhaka,,
আহারে মা থেকে মাসির দরদ বেশি,Chittagong,Lakshmipur,
তোর কষ্ট লাগলেও কি না লাগলেও কি?,Dhaka,,
আদুভাই রাকিব আর নয়নের দৌড় দেখলে মজাই লাগে,Chittagong,Noakhali,
"""Desh Bandhuuu, Tookai",Dhaka,Chittagong,Noakhali
সহমত,কুমিল্লা,Chittagong,Comilla
ভাই যারা চামচামি করাকে রাজনীতি মনে করে এসব বুঝবে না। বুঝলে কি আর বিএনপি করতো,Dhaka,,
চাটার দল ভাই ওরা,Dhaka,,
কত কষ্ট তোমার,Dhaka,Comilla,
এতে আপনার কি সমস্যা? যে দৌড়ায় হলে তার সমস্যা হবে আপনি না দৌড়াইয়া আজাইরা ক্লান্ত হউন কেন??,Noakhali,,
মাংস নিয়ে যাচ্ছিল এজন্য পিছন পিছন দৌড়াচ্ছিল,Dhaka,,
কেনো??,Dhaka,Chittagong,Noakhali
আমারও খারাপ লেগেছে। তারা তো তারেক কে ক্ষমতায় বসানোর জন্য লড়াই করেছে। তবে তারা কেন আজ এভাবে ফকিরের মত পিছু দৌড়াবে?,Khulna,,
thik vai,চট্টগ্রাম,Chittagong,
তোমার পিছনে কি কুত্তা দৌড়ায় ভাইয়া,পঞ্চগড়,Thakurgaon,
গুপ্ত হয়ে তুই দৌরাতে পারলে ভালো লাগতো তুর!!,রংপুর,Dhaka,Gazipur
প্লিজ সারজিস ভাই এইভাবে শরম দিও না,Chittagong,Brahmanbaria,
তোমার সমস্যা কি? তার দলের নেতার জন্য তারা করলে?,Chittagong,Khulna,
তোমার এতে কি সমস্যা সারজিস!?!,Dhaka,Mymensingh,
"""একে বলে, পরস্রি কাতর,,,",Chittagong,Noakhali,
তুমি যখন দৌড়াবা কুল কিনারা পাবে না,Habiganj,,
টাউট,Dhaka,Tangail,Jamalpur
প্রধানমন্ত্রীর গাড়ির পেছনে ছাত্রদল সভাপতি দৌড়াবে না তো আপনি দৌড়াবেন।,Dhaka,,
তুমি সাদ্দামের পিছনে ঘুরঘুর করতে করতে রাত এক করে ফেলতা আর সে প্রধানমন্ত্রীর পিছনে গেলেই সমস্যা..?,ঢাকা,যশোর,Dhaka
"""এইটা সত্যি, আমিও এই জিনিসটা দেইখা কষ্ট পাইছি",Dhaka,,
শেখ মুজিবুর রহমান কে যখন আব্বা ডাকলা তখন আমাদের ও অনেক কষ্ট দিছে।,Dhaka,,
এবার তুই দৌড়াইশ,Comilla,,
কেনো দাদা,Feni,,
Tui ja taila,Dhaka,,
প্রধানমন্ত্রীর দৌড়াবে না তোর পিছনে দৌড়াবে।,Dhaka,Gazipur,Sirajganj
কষ্ট তো হবেই -----? তোমার ইচ্ছা ছিল জামাত ক্ষমতায় যাবে …,Dhaka,Khulna,Cox's Bazar
Tui pate k tar,Dhaka,Rangpur,
"""ছাত্রদল ভাইয়েরা তোমরা দৌড়াদৌড়ি, হুড়োহুড়ি, ঠেলাঠেলি কইরো না।তারে একটু সুযোগ করে দেও। আহারে বেচারা!",Dhaka,Faridpur,
ওনারও দৌড়াতে মন চায়,ঢাকা,Dhaka,
"""কারণ, সবাইতো জুলাইবিক্রেতা না। জুলাইবিক্রির চেয়ে প্রয়োজনে ৩০ প্রধানমন্ত্রীর গাড়ির পেছনে দৌড়ানো বেটার।",Barisal,Bhola,
যদি তোর কষ্ট হয় তাড়াতাড়ি সুইসাইড কর,Dhaka,Khulna,Jessore
"""কষ্ট তো লাগবেই, তুমি যে এমপিই হতে পারোনাই।",ঢাকা,,
এই কষ্ট কষ্ট না আরো কষ্ট আছে,Dhaka,,
আহহ সোনা গো আমার খুব কষ্ট হচ্ছে না বলো,Rajshahi,,
রাকিব ভাইকে এবার একটা বড় পদ দেওয়া হোক সে অনেক কষ্ট করেছে।,Dhaka,Chittagong,Noakhali
"""উনি একজন সেক্টর কমান্ডার,,, দৌঁড়ানোর ট্রেনিং আছে উনার",Dhaka,,
মাসীর দরদ।,কক্সবাজার,Cox's Bazar,
তোর দৌড়াইতে মনে চাইলে তুইও দৌড়া,Barisal,,
আপনার পিছনে অনেকে দৌড়ায়,Dhaka,Jamalpur,
তোমার মুখে জয় বাংলা স্লোগান আমার হাসি পায়,Dhaka,Khulna,Magura
এখনো গুপ্ত থাকলে রাকিব ভাইয়ের লগে দৌড়াইতাম,Chittagong,Noakhali,
এটা আমার কাছেও দৃষ্টিকটু মনে হয়,Dhaka,Chittagong,
এই আবেগ এই ভালোবাসার মানে তুই কি বুঝবি হালা দু'আছলা,Dhaka,,
আহারে কষ্ট,কক্সবাজার,Cox's Bazar,
তোমার তো হিংসা হয় তুমি তার যোগ্য নও,Bogra,,
আমাদেরও কষ্ট হয় যখন দেখি তোমাদের ভোটে তুমি হেরে গেছো,Dhaka,Chandpur,
আগে সাদ্দাম এর গাড়ির পেছনে তুমিও দৌড়াইতা ভাতিজা।,Dhaka,,
আপনার পেছনে যখন কেউ দউরায়,Lalmonirhat,,
দৌড়াচ্ছে ছাত্রদলের সভাপতি কষ্ট আপনার হচ্ছে আহারে দরদ।,সিলেট,Sylhet,
আসলেই কষ্টের দুঃখজনক,Khulna,,
"""ছোট্ট সোনা তোমার বয়স কম, তুমি হয়তো বুঝনা",চট্টগ্রাম,Dhaka,Chittagong
"""খান,,,র ছেলে তোর সমস্যা কি",Dhaka,Noakhali,Jessore
সে প্রতিযোগিতায় অংশ গ্রহন করবে তাই আগে থেকে দৌড়ানো প্রস্তুতি নিচ্ছে,Dhaka,Tangail,
নিজের বেলায় নাই তো তাই কষ্ট লাগে,Dhaka,,
সে তোমাদের লোক নাকি?? গুপ্ত???,Dhaka,,
মনে কষ্ট পাওয়াই স্বাভাবিক।,Tangail,,
নিজে দৌড়াইতে না পারলে অন্যেরটা দেখে তো কষ্ট লাগাটাই স্বাভাবিক।,Dhaka,Barisal,
"""আহারে খুব জালা,,,১৭bochor Chatro lig er lungir nice douraiso tokhon mone chilo na?",Dhaka,Munshiganj,
তোর কষ্ট লাগে কেন? তোর আম্মার পিছনে দৌড়ালে মনে হয় ভালো হতো,Chittagong,,
এটা সত্যিই খারাপ লাগার বিষয় যে নেতাকর্মীরা এতো এতো পরিশ্রম করেছে তাদের এসব মানায় না,Rangpur,,
তোমার আগের আমার এই আমার সেই বলে গলা ফাটিয়ে চিৎকার করে বলা টা ও তো আমাদের লুঙ্গির নিচের কথা মনে করিয়ে দেয়,Chittagong,Noakhali,
আমার কস্ট লাগে,Dhaka,Khulna,
ওসব চাটা পার্টি,Dhaka,Mymensingh,Pabna
এরা রীতিমত অপমান করে এগুলো প্রকাশে এনে..,Comilla,,
ওরে তেল,ঢাকা,,
তোমার দরদ দেখাতে হবে না তুমি ঘুমাও।,Dhaka,Thakurgaon,
বেডা তুই ও একসময় দৌড়াতি ভুলে গেছিস,Dhaka,Sylhet,
কোনো কাজ কর্ম নাই শুধু অবান্তর কথা কাহিনী করে মিডিয়া গুলো কেনো এর কথা শুনতে যায় সে কে কি সে এতো তার নিউজ করতে হবে,Dhaka,,
তাতে তোর কি? সে তোদের মতো বেয়াদব না। এটা তার নেতার প্রতি শ্রদ্ধা।,Chittagong,Chandpur,Comilla
হিরো আলমকে ছাড়িয়ে সেফুদার কাতারে চলে যাচ্ছে আমাদের জমিদার এর নাতি।,Dhaka,Khulna,Magura
বাদ দেন ভাই যে যেমনে শান্তি আদায় করে নিতে পারে,চাঁদপুর,Chittagong,Chandpur
"""আমাকে ও কষ্ট দেয়, ১৭বছর তুই কার গাড়ির পেছনে দৌড়ায়ছিলী,…",Dhaka,Gazipur,Dinajpur
যে দৌড়াচ্ছে তার কোন সমস্যা নেই মাথাব্যথা নেই কিন্তু সাবেক ছাত্রলীগের চামচার কিসের সমস্যা,বগুড়া,Bogura,Panchagarh
রাজাকার দুই প্রকার: ৭১ সালের ৯ মাসের পাকিস্তানি রাজাকার আর ৭১ পরবর্তী ৫৫ বছরের ভারতীয় দালাল রাজাকার! কারা দেশের জন্য বেশী ক্ষতিকর?,নওগাঁ,Dhaka,Rajshahi
এখন কি.? বলতে চাও.! প্রধানমন্ত্রী ছাত্র দলের সভাপতির পিছে দৌড়াবে।,Dhaka,Brahmanbaria,
"""ছাত্রদল তাদের নেতার গাড়ির পিছনে দৌড়াবে নাকি সামনে দৌড়াবে নাকি হেঁটে যাবে সেটা তাদের ব্যাপার তোর কষ্টের কারনতো বুঝলাম না,,নাকি তোদের জ্বলছে?",Dhaka,Gazipur,Naogaon
জামাতের আমির আর সার্জিসরা দোরাবে,Thakurgaon,,
নিজের রাজনীতি টা নিজে করুন।,Dhaka,Mymensingh,
"""সুদু ছাত্রদল সভাপতি না,, আমরা বাংলাদেশ জাতীয়তাবাদী ছাত্রদল পূর্বে ও যেভাবে মেডাম এর গাড়ী বহরের পিছনে ছুটতাম, এখনো তারেক ভায়ের …",Dhaka,Cumilla,Comilla
যা এবার ওকে দুলাভাই বানা এতো কষ্ট হলে।,Dhaka,Chandpur,
মার থেকে মাসির দরদ বেশি,Dhaka,,
ওদের কালচার এটা,Sirajganj,,
এএএএএএ চোসোন.....,কক্সবাজার,Dhaka,Gopalganj
গুপ্ত,ঢাকা,Chattogram,Chittagong
ঠিক আছে,Dhaka,,
Juta dea amon pedan pedamu tr por ballo hoibe tor abbu doraity cy ty tor kacy kharap lagche mone hoy,Dhaka,,
আমাকে ও,গাজীপুর,Dhaka,
বড় ভাইকে রাষ্ট্রপতির দায়িত্ব টা দেয়া হোক.....,Dhaka,,
কেন রে জমিদার এর পুত কাহিনি কি,ঢাকা,বরিশাল,Barisal
তেল কোম মারো পিও,Dhaka,Jhenaidah,
যেহেতু কষ্ট দেয় সেহেতু পরেরবার থেকে তুমি দৌড়িও...,Dhaka,Chittagong,Mymensingh
কুমিরের কান্না,কক্সবাজার,Barisal,
"""ভাই পা না চাটলে ত চলবে না বুঝতে হবে, তাই সরকারের পা চাটতে হবে",Dhaka,Narsingdi,
মান্দারপু ৩ আগেও সাদ্দামের পিছনে পাদের গন্ধ শুকছে,Dhaka,Gazipur,
সাবেক ছাত্রলীগ নেতা কয় কি,Dhaka,Rangpur,
তোমার বঙ্গবন্ধুকে নিয়ে তেল দেয়া বক্তব্য কিন্তু আমাদের নাড়া দেয় ভাইয়া!,Dhaka,Mymensingh,Sherpur
তাহলে তুমি এসে দৌড় দাও,Dhaka,Barisal,
উস্কানিমূলক বক্তব্য দিয়ে ছাত্রদল নেতা রাকিবকে বিদ্রোহ করে তুলতে চায়।,Dhaka,Barisal,Bhola
তাতে বাল ছিড়া গেলো ছাএদলের।,Dhaka,Comilla,
কেন বাবু দৌড়ানোর ইচ্ছা আছে তুমি এখনো ছোট আছো বুঝছো আর একটু বড় হও,Panchagarh,,
মার থেকে মাসির দরদ বেশি,Khulna,,
"""ভাইরে ভাই, হিপোক্রেসির একটু লিমিট রাখ।",চট্টগ্রাম,Dhaka,Chittagong
সারাবছর চাঁটবা কিন্তু নেতার ছেলে নেতা হবে আর তুমি সভাপতি রাকিবের মতো গাড়ির পেছনে দৌড়াবে।আর অন্যদিকে জামাতের ভাইদের দেখো ছাত্রদ…,Chittagong,,
"""ছাত্রলীগের এজেন্ট যখন বাইটে পইড়া জুলাই এজেন্ট হয়ে যায়, আমাদেরও হাঁসি পায়",Dhaka,,
এই লোকটা একটা পাগল এর বয়স চলে ৪৫,Rangpur,,
এতো জলে কেন হরছেন লজ্জা লাগে না নিজে আবার অন্যর বিষয় কথাা বলার আগে নিজের টা দেখো ভাই,নরসিংদী,Dhaka,Barisal
আহারে চান্দুর কত মায়া। তুমি যে ছাত্রলীগ করা অবস্থায় বঙ্গবন্ধুকে চাটতে চাটতে মহাকাশ পর্যন্ত নিয়ে গেছিলা সেটার কি হবে? হাসিনা…,Dhaka,Sirajganj,
ছাপ্রীদের কাজ দৌড়ানোই! দফাদার কুকুর মালিকের পিছনে দৌড়াবে এটাই তো স্বাভাবিক হোক সেটা গাড়ি হোক সেটা বাড়ি।,Chittagong,,
এই ছেলে গুলো দেশ কে নিয়ে ব্যবসা শুরু করছে …,Dhaka,,
তুই কোন চ্যাটের বাল হরিদাষ পাল বে?,Dhaka,Natore,
"""ওটা দৌড় না পাগলা, ওটা তেলবাজি",Dhaka,Rangpur,Bogra
তেল মারা বোঝ মনু,Dhaka,,
তরে কষ্ট দিলে তাহলে কাল থেকে তুই দৌড়া গা …,নারায়ণগঞ্জ,Dhaka,Narayanganj
"""তুড়া তুই বাকশালি,বেশি নাটক করিস না,পরে প্যান্ট খুলে পড়বে",চট্টগ্রাম,Chittagong,
ভিপি সাদিকের দাঁড়িপাল্লার পিছনে দৌড়ানো কষ্ট দেয় না?,বরগুনা,Dhaka,
"""কেনো গো,, তুমি যে ছাত্র লীগের লুঙ্গির নিচে লুকিয়ে ছিলে",বাগেরহাট,Dhaka,Lakshmipur
ছাত্রদল সভাপতি তোহ তোর বাপ লাগে শ্লা। বাপের দৌড়ানো দেখে কষ্ট পাস......,Dhaka,,
আমিও কষ্ট পেয়েছি,Sylhet,,
"""বর্তমানে কি সংবিধান আছে, সংস্কার কোন সংবিধানের করতে হবে,…""",Dhaka,,
"""First you need to go the parliament to make the changes , then people vote will happen then passed by the parliament, then sig…""",Dhaka,,
Awesome! Congratulations!!,Dhaka,,
"""জুলাই সনদ বাস্তবায়ন না করলে,, এই সংসদ অবৈধ,, ৭২ সংবিধান দেশ চললে,, …""",Dhaka,Natore,
সংবিধান সংস্কার পরিষদ বলতে সংবিধানে কিছু নাই।,Dhaka,Barisal,
"""সিগনেচার করে আরেকজনেরটা দেইখা সংসদে কথা বলবে কি ভাবে এটা আসলেই ভাবার ব্যাপার,""",Dhaka,,
ঢাকার প্রতিটি এলাকায় মশার উপদ্রবে জনগণ নাজেহাল। সিটি কর্পোরেশনের ইন্সপেক্টর সহ সিটি কর্পোরেশনে যারা দায়িত্বপ্রাপ্ত এদের সকলে…,Dhaka,,
এদের নিউজ ছাড়া কি কোনো নিউজ নেই?,Dhaka,,
নাহিদকে আইনের আওতায় আনা হউক,Dhaka,Gopalganj,
"""আন্নে কথা বললেও কি না বললেও কি,""",Noakhali,,
তাইলে আয় রাজপথে.. তোদের অপেক্ষায় লাখো জনতা..,ঢাকা,নরসিংদী,Dhaka
সংস্কার চাই,Dhaka,Narsingdi,
সময় থাকতে পড়ালেখায় মন দিয়ে এটাই মঙ্গল হবে,রাজশাহী,নাটোর,Rajshahi
কথা বলতে হবে সাধারণ মানুষ সিদ্ধান্ত নিবে আফটার নাহিদ ইসলাম ইনশাআল্লাহ,Sylhet,Habiganj,
"""‘দেশ যাবে নতুন পথে, ফিরবে না আর ফ্যাসিবাদে।' ইনকিলাব জিন্দাবাদ।""",Dhaka,Faridpur,
"""এনসিপির সকল দূর্নীতি,অনিয়মের বিচার দাবি করছি।""",চট্টগ্রাম,Chittagong,
Good,Dhaka,Jamalpur,
Absolutely right.,Dhaka,,
ইনকিলাব জিন্দাবাদ,Dhaka,,
ঠিক,Dhaka,Bagerhat,
জুলাই বিক্রি করে দুই বছরে সবাই নিজেদের আখের গুছিয়ে নিছে,Barisal,,
মানুষকে শুধু উল্টাপাল্টা বুঝানো হচ্ছে,Dhaka,,
কথা আমরা রাজপথেই বলবো ইনশাআল্লাহ,Dhaka,,
রাজপথে ফয়সালা হবে ইনশাআল্লাহ,Dhaka,Khulna,Satkhira
সূর নরম হয়ে গেলো কেনো,সিলেট,,
তোমাদের আর কথা হবে না,Rajshahi,,
তাহলে বলিস না তাহলেই চলে,Dhaka,,
ক্লিয়ার,Sylhet,,
অবশ্য ই,Dhaka,,
ঠিক,Dhaka,,
Yes,Barisal,Bhola,
Toi voia,Dhaka,,
"""বিএনপি করছে দেশের উন্নয়ন, জামাত করছে রাস্তাঘাট পরিষ্কার, আর এন সিপির কাজ হচ্ছে সমালোচনা করা।""",Dhaka,,
এই শালাকে ধরে ডিম থেরাপি দেওয়া হোক,Chittagong,Patuakhali,
যা বেডা ফুট,Barisal,,
সংবিধান তোমার মার সাউয়া দিয়ে ভরে দেব,Sylhet,,
কোটা নেতা,চট্টগ্রাম,নড়াইল,Dhaka
তোদের কপালে এইটা আছে,Barisal,,
কথা বলতে হবে না এমনিতেই বিরোধী দলের সময় কম দেওয়া হয়,মৌলভীবাজার,Dhaka,
বাকোয়াজ,Dhaka,Gopalganj,
Kotha boilo jail a,Dhaka,,
Right,Tangail,,
দরকার নেই,কুমিল্লা,Comilla,
বিপদ কেটে গেলে মানুষ বিএনপি হয়ে যায়।,Dhaka,,
"""টাকার হিসাব টা দাওনা কেন,""",Dhaka,,
"""'রাষ্ট্রপতির হাতে আপনি শপথ নিলেন, আবার তাকে আপনি সাংবিধানিক প্রধান মানবেন না'""",Dhaka,,
সারজিস যে মাতারবাড়ি প্রজেক্টের কয়লা সাপ্লাই কোম্পানি থেকে ০১হাজার কোটি টাকা নিলো ওইটার কি খবর,Dhaka,,
লাগাও মব,Chittagong,Pirojpur,
জুলাই সনদ বাস্তবায়ন না হলে এই সংসদ অবৈধ সিধে কথা,Dhaka,,
পরিবেশের দরকার নেই,Dhaka,Mymensingh,Gazipur
খাল কেটে কুমির আনতেছে বি এন পি,Dhaka,,
"""বিপদ কেটে গেলে মানুষ বিএনপি হয়ে যায়! NCP জিন্দাবাদ, ইনকিলাব জিন্দাবাদ।""",Dhaka,,
"""প্রেম করার ইচ্ছে করতাছে কিন্তু লজ্জায় কাউকে বলতে পারতেছি না, তাই ফেসবুক থেকে একজন বন্ধু চাই""",Dhaka,,
বিপদ কেটে গেলে মানুষ বিম্পি হয়,Bagerhat,,
জামিন দেওয়া শুরু হয়ে গেছে আমাদের সব জয়বাংলা নেতাদেরকে …,Cox's Bazar,,
R kotha bolis na tora,Chittagong,,
তর কথা কার বালে শোনে,Dhaka,Sunamganj,
পুলিশ হত্যার বিচার চাই,Dhaka,,
Rights,Dhaka,,
তোমরা ৭১'এর পরাজিত অপশক্তির সাথে মিলেমিশে একাকার হয়ে জুলাই তথা সাধীনতা যুদ্ধ তথা বাংলাদেশের সকীয়তার সাথে গাদদারী করেছো। কথা…,শরীয়তপুর,Dhaka,Satkhira
তোমাদের মত কুলংগারের যায়গা পবিত্র সংসদে হবে না।,Pabna,,
পুলিশ হত্যার দায়ের তোর ফাঁসি হবে,সিলেট,Dhaka,
"""আরে বেডা তুই হত্যাকারী, পুলিশ হত্যাকারী তোর কিসের কথা,…""",Dhaka,Comilla,
পুলিশ হত্যার দায়ে তোর ফাসি হবে সাংসদের পরিবেশ দিয়ে কি করবেন,Dhaka,Chandpur,
Right,Dhaka,,
এনসিপি মব সন্ত্রাসী সংগঠন নিবন্ধন বাতিল করে যারা অটো এম পি হয়েছে এদের বিচার করতে হবে,Dhaka,Jessore,
সংসদে তোমি কথা না বললেও সংসদ তোমাকে অনুরোধ করবেনা।,Dhaka,Brahmanbaria,
তোদের মত ছাগল এর কথায় কি আসে ষায়,Chittagong,Brahmanbaria,
আরে বেটা বাটপার তুই কি ভোটে এমপি হ‌ইছস তুই তো পঞ্চাশ হাজার ভোটের ব্যবধানে পরাজিত হ‌ইছস কাইয়ুম কমিশনারের সাথে তোর আব্বা ইউনুস …,Dhaka,,
২৪ শে ফ্যাসিস্টরা পুলিশ হত্যা ও বিভিন্ন থানা অগ্নিসংযোগ অস্ত্র লুট হওয়া প্রত্যেকটি হামলার তদন্ত করে জুলাই ফ্যাসিস্টদের ফাঁসিত…,Dhaka,,
কথা বলা তো দূরের কথা সংসদে কয় যাইতে পারো সেটার জন্য দোয়া ইউনু পর।,Chittagong,Patuakhali,
পুলিশ হত্যার বিচার চাই,Sylhet,,
ভাই এইসব কথা বাদ দাও আগে বিক্রি করা জুলাই ফেরত নিয়ে আসো,Dhaka,,
তা হলে পড়া লেখা করে দেশের বাহিরে চলে যাও---তোমাদের দারা রাজনীতি মানায় না------,Dhaka,,
Right,Dhaka,,
তুমি না বল্লে কিছু যাই আসে না।,Chittagong,,
তোর সংসদে যাওয়ারটা দরকার কি,Dhaka,,
পাকিবীজ বলে কী,Dhaka,Gopalganj,
"""Right, I agree it""",Khulna,,
দরকার নেই,পিরোজপুর,Dhaka,Gazipur
তোমাগো কথা বলার প্রয়োজন নাই দেড় বছরে পোলাপানরে যা শিখাইছো তোমরা বেয়াদবি কুলাঙ্গার কতগুলো পোলাপান রাস্তায় নামাইছে মানুষকে ই…,Dhaka,,
বিরোধী দলের কথা বলার দরকার কি শুনলে তো হয়..?,Chittagong,Comilla,
হালার পুতে যে ভাব দেখাচ্ছে মনেহয় সংসদের পুরান লোক।,Dhaka,,
কথা হবে রাজপথে,Dhaka,Faridpur,Naogaon
ঠিক,Khulna,Sylhet,
নিজের যোগ্যতা দিয়ে সংসদে যাওয়ার চিন্তাভাবনা কর তুমি তো হয়েছ বারো ভাতারি দল সাহস থাকলে একা নির্বাচন করে সংসদে যেয়ে দেখাও,Dhaka,,
right,Dhaka,,
আগে যে তোমার সম্পদের হিসাব দিতে হবে মামু।,Dhaka,,
Right,Dhaka,Khulna,Kushtia
টোকাই এখন দেশের নেতা,Dhaka,,
টোকাইদের কথামতো দেশ চলবেনা,চট্টগ্রাম,Chittagong,
যাকাত ফিতরায় এমপি হওয়া একজন গোপাল ভার বলে কি।,পাবনা,Dhaka,
জুলাই জঙ্গিদের কপালে অনেক দুঃখ আছে,Dhaka,,
"""প্রদীপের আলো নিভে যাচ্ছে তোমাদের। অন্য কেউ নয়, জামায়াত তোমাদের রক্ত পান করে তোমাদের রক্ত শুন্য করে নিজেদের রাজনৈতিক, সামাজিক মৃত্যু হবে""",Dhaka,,
"""কোটার জায়গা কোটা রইল, জুলাই গেল জলে।…""",Jamalpur,,
শালা টোকাই,Sylhet,,
"""লজ্জা শরম না থাকলে, প্যান্ট খুলে রাস্তায় দাঁড়িয়ে থাকো জোকার।""",Dhaka,Sylhet,
এবার এবার নক করবা না নামোনা রাস্তায় দেখনা মানুষ তোমাদের কি বলে বাজান পুলিশ হত্যার বিচার হবে ইনশাল্লাহ,Narayanganj,Comilla,
তুই রাজাকার তুই বাটপার তুই জঙ্গি তুই টোকাই তুই দেশদ্রোহী,Chittagong,,
"""জুলাই ব্যবসায়ীরা যেন পালাইতে না পারে, যেখানে পাবেন তাদেরকে শহীদ বানায় দিয়ে দিয়েন, তারা দেশে শত্রু,।""",Dhaka,Dinajpur,
তোমাদের মতো কোটার এমপিরা সংসদে না থাকাই ভালো।,Dhaka,Mymensingh,Cox's Bazar
"""১৭ বছর দলীয়করণের বিরুদ্ধে বললেন, আর এখন নিজেরাই সারাদেশ দলীয়করণ করলেন …""",চট্টগ্রাম,কক্সবাজার,Cox's Bazar
তাতে বয়ে গেল।,Dhaka,Chittagong,
সংসদে কথা বলা দরকার নাই,Dhaka,Barisal,
আগে তোর হিসাব দে কথা পরে,Dhaka,,
জামাত এর তার জোট গুলার উচিৎ । বি এন পি আর আওয়ামী মত দেশ টুলে পুটে খাওয়া।কারন এই দেশ হছে নষ্ট জনগণের দেশ।,Chittagong,Noakhali,
সহমত,Khulna,,
পাগল বলে কি? কিসের সাথে কি,Chittagong,,
তোমার মত অপদার্থ সংসদে যাওয়ার দরকার কি বলতো,Dhaka,Chittagong,Noakhali
ঠিক,Dhaka,Cox's Bazar,
আপনারা ছাত্র হিসেবে কলঙ্কিনী অধ্যায় থাকবেন বাংলাদেশ,Dhaka,Chittagong,
ওডা হানকির পুয়া,Dhaka,,
এনপিপির চুরেগো খাঁচায় দেখতে চাই,Dhaka,,
কিসের সংবিধান সংস্কার পরিষদ ৭১র আছে একাত্তর থাকবে খানকির পোলা নাহিদ,Dhaka,,
তোর মতো টোকাই না গেলে ভালো,Dhaka,,
চুদির ছাওয়াল পাকিস্তানের বীজ তোকে কে বলেছে কথা বলতে,Dhaka,,
ভয়ে আছে,Dhaka,,
আগে তোর ভূরি কমা,Dhaka,,
তোর কপালে শনি আছে,Dhaka,,
"""পাটোয়ারী জাহাঙ্গীরনগর, বুয়েট সহ বিভিন্ন ক্যাম্পাসে ছাত্রদের উষ্কে বেড়াচ্ছে, আবার জুলাইয়ের মতো মেটিকুলাস ডিজাইন সাজাচ্ছে সম্ভবত…""",Dhaka,Chittagong,Kushtia
তুই কোন চেটের বাল যে তোকে সংসদে কথা বলতে হবে।,Dhaka,,
পরিবেশের দরকার নেই,Dhaka,,
Thik bolcen,Dhaka,,
টুকাই,Dhaka,,
Hazar hazar koti taka durniti korecho bap mama khalu neay socib 30 Koti MD 70/80 koti chairman 100/200/300 koti ki porimane lu…,Dhaka,,
শালা দালাল,Lalmonirhat,,
পদত্যাগ করে রাজপথে আসো হ্যাডম থাকলে,Narayanganj,,
তোর ঘরে গিয়ে সংস্কার কর না হলে পাকিস্তানে গিয়ে কর,খুলনা,Khulna,
"""তুই রাজাকারের বাচ্চা খানকির পোলা, বেশ্যার পোলা,,,,,""",Dhaka,Pabna,
আমরা রাজপথের প্রস্তুতিও নিচ্ছি।…,Panchagarh,,
সঠিক,Dhaka,Natore,
আচ্ছা তোরা সংসদে যাইস না বাপু,Dhaka,Narayanganj,
তোরা কি কথা বলবি যা কথা বলার আমাদের প্রধানমন্ত্রী বলবে।,ঢাকা,Dhaka,
"""জুলাই জঙ্গি,দমন করা হোক""",Dhaka,,
দূর্নীতিবাজদের সর্দার,Chittagong,Chandpur,
তোর দরকার আছে বলে মনে হয় না,Tangail,,
এতে বলে মার মাংগে বাল নাই পুলাপাইন এর মুখে চাপ দাড়ি,ঢাকা,Dhaka,Sylhet
Jara sahwa haowa baltepare tader sagsode katha balar darkar nay,Dhaka,,
আচ্ছা হেতে বলে প্রথান মন্ত্রী সপ্ন দেখতো ইউনুসের কোলে শুয়ে।,Chittagong,,
বাপের জন্মের সংসদ কি বোঝো,Dhaka,,
তুমি কথা না বললে বাল ছিডা যাবেনা।,কুমিল্লা,Dhaka,Comilla
মোহাম্মাদ কাসীম-এর নেতৃত্বে মুসলিম উম্মাহর ঐক্যের আহ্বান তুলে ধরা হয়। প্রায় ১৮০ কোটি মুসলিম থাকা সত্ত্বেও আজ উম্মাহ বিভক্ত ও ন…,Dhaka,,
পদত্যাগ করে ফেল,Dhaka,Chittagong,Noakhali
বিবেক বুদ্ধিকে শয়তানের ধোঁকার মধ্যে বিশ্রামে রেখে অতি আবেগকে সম্মান করে কথিত বীর বেসে রাস্তায় নেমে লাশ হয়ে ফিরার আগে একটু ভাবু…,Chittagong,,
গোপালভার,Chittagong,Barisal,Patuakhali
আগে সংবিধান রচৈয়তার পায়ে সালাম করে এসো,চট্টগ্রাম,Chittagong,
তোমরা দুর্নীতি বন্ধ করে আগে নিজেরা সংস্কার তৈরি কর! দেশের সংস্কার নিয়ে বসে থাকলে হবে না প্রিয়,Chittagong,Noakhali,
"""দল যার যার, এনসিপি পিটানোর দায়িত্ব সবার,""",সিলেট,Sylhet,
[সন্দেহজনক লিঙ্ক সরানো হয়েছে]...,Dhaka,,
"""বর্তমানে কি সংবিধান আছে, সংস্কার কোন সংবিধানের করতে হবে, বাস্তবায়ন কোন সংবিধান হবে, তা জনসম্মুখে দেখানো হোক। সকল,সমস্যা র ব্যাখা কোন চ্যানেল এর মাধ্যমে জনগনকে বুঝিয়ে দেওয়া হোক।""",Dhaka,,
"""জুলাই সনদ বাস্তবায়ন না করলে,, এই সংসদ অবৈধ,, ৭২ সংবিধান দেশ চললে,, ৭২ সংবিধানে নির্বাচন ২৯ সালে,, জুলাই সনদ বাস্তবায়ন না হলে জুলাই যোদ্ধারা আবার রাস্তায় নামবো""",Dhaka,Natore,
জামিন দেওয়া শুরু হয়ে গেছে আমাদের সব জয়বাংলা নেতাদেরকে জামিন দেওয়া হোক ধন্যবাদ প্রধানমন্ত্রী তারেক রহমান স্যারকে,Cox's Bazar,,
"""আরে বেডা তুই হত্যাকারী, পুলিশ হত্যাকারী তোর কিসের কথা, , তোর তো বিচার হবে""",Dhaka,Comilla,
"""কোটার জায়গা কোটা রইল, জুলাই গেল জলে। ফকিন্নির পোলারা নেতা হইল, লীগের লুঙ্গির তলে।""",Jamalpur,,
"""১৭ বছর দলীয়করণের বিরুদ্ধে বললেন, আর এখন নিজেরাই সারাদেশ দলীয়করণ করলেন এটার নাম-ই মুনাফিকি।""",চট্টগ্রাম,কক্সবাজার,Cox's Bazar
আমরা রাজপথের প্রস্তুতিও নিচ্ছি। - নাহিদ ইসলাম,Panchagarh,,
"""অবশ্যই খাবেন, যুদ্ধ করে আপনারা স্বাধীন করেছেন। প্রয়োজনে রাস্তার ইট খুলে বাড়ি নিয়ে যাবেন।""",Dhaka,Faridpur,
"""সমঝোতা বলেও তো একটা ব্যাপার থাকে। সব তো বুঝলাম, রাতের বেলায় সানগ্লাস কি কাজে আসে ?""",Khulna,Bagerhat,Jhenaidah
হাট ঘাট খাওয়া শেষ হলে মানচিত্রটাও খেয়ে নিও,Dhaka,,
আহারে ১৭ বছর না খাইয়া আছে!,Dhaka,Rajshahi,
দলকানাগুলো দেখি রাতকানাও,Dhaka,,
পিছন দিয়ে ভরে দিলে?,Dhaka,Chittagong,Rajshahi
সমঝোতা করে খাও মনে রাখবা বাবার সম্পত্তি মিলে মিশে খাঁ ওয়া ভালো,Chittagong,,
"""ভোট দেবো ধানের শীষে, চাঁদা তুলবো মিলেমিশে।""",Dhaka,,
হাট আর ঘাঁট কি মুখ দিয়ে ঢুকবে।,Dhaka,Narayanganj,
জ্বি ভাই বাজারে ডাস্টবিনও আছে৷ আর নিচে নাই গেলাম৷,Dhaka,,
"""ঠিক বলেছেন নেতা, হাট-ঘাট-মাঠ- এমন কি টয়লেটও খেতে হবে, বাদ দেয়া যাবেনা কোন কিছুই""",Dhaka,,
খেতে খেতে ব্লাস্ট না হয়ে যায়,Dhaka,Narsingdi,
সমঝোতা করে খেলেই হয়। রেজাউল রনিকে এই ক্ষেত্রে দাওয়াত দেয়া উচিত।,Dhaka,,
কমেন্ট পড়াও একটা সাহিত্য চর্চার মতো কেননা হৃদয়ের কথা লিখেছে কমেন্টে।,Dhaka,Pabna,Kushtia
হা হা জয়যুক্ত হয়েছে ভাই।,Barisal,,
"""অবশ্যই খাবেন, প্রয়োজনের বাথরুমের পায়খানাও খাবেন""",ঢাকা,Dhaka,
তাহলে ত চাঁদাবাজিতে আমাদেরও হক আছে,Dhaka,,
"""ভাই রোজা রমজানের মাস,,, দয়া করে রাতে ইফতারে পর খাইয়েন,""",Dhaka,Bogura,
সাহরি খেয়ে নাও সময় আছে আর মাত্র ৫ ।,Chittagong,Mymensingh,
"""মাদক মুক্ত বাংলাদেশ চাই, এতে ছাত্র জনতা সহ সাধারণ জনগন সবাই কে এগিয়ে এসে পুলিশ কে সহযোগিতা করা উচিত, পুলিশের বিরুদ্ধে অবস্থান নয়।""",Bogra,,
হাট ঘাট কি রান্না করে খায় নাকি সালাদ হিসেবে কেউ জানলে জানাবেন।,Khulna,,
ঠিক আছে । হাট-ঘাট খা আর ভাত খাওয়া লাগবে না,Khulna,,
এইবার ম‌নে হয় সারা‌বি‌শ্বে একই‌দি‌নে ঈদ হবে!,চাঁদপুর,Dhaka,
লিঠার যেহেতু বলছে তাহলে ঠিকেই বলেছে,Sirajganj,,
অতিরিক্ত খাইতে যেয়ে যেনো পেট নষ্ট না হয় এইদিকে খেয়াল রাইখেন?,Dhaka,Rangpur,Nilphamari
"""ok,আর যেনো কেউ না খায়!!!""",গাজীপুর,Chattogram,Sylhet
"""চাঁন্দা না সমঝোতা বলবা''। নেতার নাম খাম্বা না """"বৈদ্যুতিক খুঁটি বলবা""""""",Dhaka,,
"""মাশা আল্লাহ! আগামী পাঁচ মাসেই এই রেকর্ড ভেঙে নতুন ইতিহাস গড়বে—এটাই আশা, কারণ তারা দুর্দান্ত গতিতে এগিয়ে চলছে।…""",Sylhet,,
ভাই আমার সত্যবাদী মনের ভেতরে কোন কথাই রাখেন না।…,Khulna,,
Faruk Ahmed আপনার কোনটা??? হাট না ঘাট?,Dhaka,,
কাকার কথায় আমি সহমত।,Dhaka,Shariatpur,Chandpur
সমঝোতার মাধ্যমে খেলে আশা করি পাপ হবেনা,Dhaka,Rangpur,
এবার মনে হয়। বাংলাদেশ চেম্পিয়ন হতে পারে বিশ্বে। তাহলে জুলাই যোদ্ধারা সবাই এ কাজ করতে পাড়বে।,Dhaka,Kishoreganj,
কেন নয় সবি তো তোমাদের,Cumilla,Comilla,
"""হাট ঘাট ওর বাবা তৈরি করেছে, তাই সমঝোতার মাধ্যমে খাবে ।""",চাঁদপুর,Chittagong,Chandpur
চিন্তা চেতনায় ধ্যানে জ্ঞানে খাওয়া ছাড়া কথা নাই,Chittagong,Noakhali,
কথায় যুক্তি আছে,Dhaka,Barisal,Bhola
"""বাহ্ উনি তো চমৎকার কথা বলেছেন, কথায় যুক্তি আছে...!""",Chattogram,,
তাই বলে রাতের বেলা মানুষ চোখে সানগ্লাস দেয়,ঢাকা,ময়মনসিংহ,Dhaka
"""হাটের ইট, মাঠের পানি, লগে লেট্টিনের গুও খাইছ""",Dhaka,Kishoreganj,
অন্যের ঘরের রান্না করা ভাতও নিবেন,Dhaka,,
অলরেডি খাওয়া শুরু হয়েছে গুরু।,Dhaka,Narsingdi,Lalmonirhat
খায়ে নে বেশি করে কিছু পর ডাবল দিতে হবে,Dhaka,Gazipur,Kishoreganj
বাহ! এই এতো তাদের মনের কথা!,Dhaka,Chittagong,Lakshmipur
বাহ! কি চমৎকার তাদের প্লান,Bogura,Patuakhali,
হুম.... সেটাই তো কথা,কুমিল্লা,Dhaka,Comilla
শুধু হাট-ঘাট কেন হাম্মাম খানাসহ খা ।,Dhaka,Kishoreganj,
সবকিছুই সমঝোতা,Khulna,Jessore,
"""সবে তো শুরু, এখনো তো অনেক কিছু বাকি।""",সুনামগঞ্জ,Dhaka,
ওক্যরে ঠিক কথা -- চালিয়ে যান বস,Dhaka,Jamalpur,Sherpur
সেহরি ইফতারি খাওয়ার ইচ্ছে থাকলে তো আর হাট ঘাট খাওয়া লাগতো না খেকু,Chittagong,Chandpur,
রাতের বেলায় সানগ্লাস পরার মাঝে এক পইসাশিক আনন্দ আছে দেখে মনে হচ্ছে শরীরে একটা ভাব এসে যায়,Tangail,Jamalpur,
"""ভাই ঠিকই বলেছেন, আপনার চেহারার সাথে কথাটা খুব মিলে।""",Dhaka,,
সবে খেলা শুরু গুরু পিকচার আবি বাকি হে মেরি দোস্ত।,Dhaka,Chittagong,
স্বাস্থ্য দেখে তো অন্য খাদক মনে হচ্ছে,Dhaka,,
"""আমিও আন্দোলনের পিছনে থাকা সে একজন, আমারও দরকার আছে হাট-ঘাট।""",চট্টগ্রাম,Chittagong,
"""Apnar ma bon re deikha raikhen, kobe je ogulo khawa suru kore mamu""",নরসিংদী,Dhaka,Pabna
"""17 বছরের ক্ষুধার্ত আপনারা, দেশটা একসাথে খাইয়েন না。 …""",Dhaka,,
তাহলে তুমি বাদ যাবা কেন? MD Rakibul Islam Bappy …,Dhaka,,
আলহামদুলিল্লাহ দেখেও শান্তি। এই জাতির জন্য এইগুলাই ঠিক আছে। ভোট দিবেন ভাই কিসে? ধানের শীষে,নওগাঁ,Naogaon,
খেলা কোন লেভেলে..?,Dhaka,,
অবশ্যই আমি একমত তারাই সব খাবে দেখবে অন্যেরা শুধু চাইয়া দেখ,Dhaka,,
অনেক ভালো প্রস্তাব। আইন প্রশাসন এবং বিচার ব্যবস্থা তাদের কথাটা একবার চিন্তা করতেও পারে। হা হা হা......,Joypurhat,,
সেটা কিন্তু অবশ্যই সমঝোতার ভিত্তিতে হতে হবে। কেমন--,খুলনা,Dhaka,
একদম মনের ভেতরের কথাডা কইয়া ফালাইছেন বড় ভাই।,Dhaka,Khulna,Comilla
"""বাহ বাহ চমৎকার কথা,খুব ভালো লাগলো, উল্লুকা পাঠার দল""",Dhaka,,
সমঝোতার মাধ্যমে খেলে কোনো সমস্যা নাই,Dhaka,,
কথায় যুক্তি আছে,Dhaka,Brahmanbaria,
ঠিকিত বলেছে ভাই আমার,Dhaka,,
সমঝোতা করে খাও ভাই।,ঢাকা,পঞ্চগড়,Dhaka
সমঝোতা করে খেলে ভালো হয়,Dhaka,,
আমাকেও একটু দিয়েন আমি ও আন্দোলনের সাথে জড়িত ছিলাম,Dhaka,,
তবে মিলেমিশে খাওয়াটা ভালো।,নরসিংদী,Narsingdi,
"""আর যে মাস্টারমাইন্ড ছিলো সে পুরো দেশ পুরো মানচিত্র ,জয় খায় খায় দল""",Chittagong,,
"""Belal Uddin, MD Jahangir Alam, Abdur Rahim Rahul কি খবর বড় ভাইয়েরা""",Chittagong,Noakhali,
ঠিক ভাই ঠিক,Thakurgaon,,
সাবধান বেশি খাইলে কিন্তু বদহজম হয়,Dhaka,Pabna,
লিটার যেহেতু বলছে তাহলে ঠিকেই বলেছে,কিশোরগঞ্জ,Mymensingh,
বাহ চমৎকার,Dhaka,,
দরকার আছে কথায় যুক্তি ও আছে।,Dhaka,Chittagong,Noakhali
AR Shaiket আমরাও তো ছিলাম আমাগো হাট ঘাট কই?,খুলনা,Khulna,Barisal
Md Kajol ভাই দেওয়ান বাজার আজকে ই দখল দেন,Dhaka,,
ভাইটি রাতের বেলা সানগ্লাস পরে যখন বলছে তখন ঠিকই বলছে,ঢাকা,সিলেট,Sylhet
চারদিকে শুধু খাইয়া আর খাইয়া,Chittagong,Comilla,
"""চলার পথে সমালোচনা থাকবেই, আপনি সেদিকে কান না দিয়ে সোজা পাবনার দিকে এগিয়ে যান।""",Chittagong,Brahmanbaria,
ভোট দিবো কিসে ধানের শীষে।,Dhaka,Gazipur,Pabna
"""আর বাসস্ট্যান্ড, টেম্পুস্ট্যান্ড খাবে স্বেচ্ছাসেবক দল""",চট্টগ্রাম,পাবনা,Chittagong
কালা চশমা না লাগালে মনে হয় নেতা হওয়া যায় না,Natore,,
"""ভোটটা দিবো কিসে,,, ধানের শীষে""",Dinajpur,,
"""এরা প্রকাশ্যে চান্দার পক্ষ নিচ্ছে, তবে এদের দৌড় সর্বোচ্চ আগামী দুই বছর""",Sylhet,,
অবশ্যই বস খাবেন সাবধানে খাইয়েন যাতে ইট বালু গলায় না আটকে লক্ষ রাখবেন,Dhaka,Kishoreganj,
সুন্দর বলছে,Dhaka,,
কথা ক্ল‌িয়ার,গাইবান্ধা,Dhaka,Khulna
সময়ের সঠিক সিদ্ধান্ত,Dhaka,,
হ ভাই চালিয়ে যান কোন সমস্যা নাই,Dhaka,Chittagong,Noakhali
Wonderful khaw Bhai asto gorur roast khaw... Heart block hoye joldi Moro.. parle ektu ratom khaiyya feilo,Dhaka,,
ও তাইতো আমার তো মনে ছিল না,Dhaka,Bagerhat,
বেশি দেরি না জয়বাংলা হয়ে যাবেন,Sylhet,,
মাশাল্লাহ সমঝোতা বলে কথা,Rajshahi,Sirajganj,
তাহলে রেডি হয়ে যাও গোয়াল ঘরের ভাত খাওয়ার জন্য নেতার অর্ডার,Dhaka,,
ভোট দিবা খাইতে দিবা না তা হবে না,Dhaka,,
ঠিিিিিিিিিিিিিিিিিিিিিিিিিিিিক।,Dhaka,,
নতুন,Dhaka,,
অনেক সময় রাস্তাঘাটে গু পরে থাকে এগুলাও কি খাবে? ক্লিয়ার করে কথা বলেন আপনাদের এই এক দোষ,Dhaka,,
সহমত,সিলেট,ভোলা,Bogra
আপনাদের অনেক পরিশ্রম হইছে খান এখনই সময়,Chittagong,,
বাহ্ কি সুন্দর বানী।এই হলো নেতা যার থাকবেনা কয় পর খেতা।,Dhaka,,
ঠিক আছে,Rajshahi,Pabna,
রাজনীতি টা ব্যাবসা প্রতিষ্ঠান বানিয়ে নিয়েছে।,Dhaka,Gazipur,
Gu kha,Khulna,Jessore,
টয়লেট ও খাইস,Dhaka,Barisal,
ঘাটখেকো। আফসোস দেশটায় ব্যবসা করে শান্তি নেই।,Dhaka,Chittagong,Noakhali
ওকে,Sunamganj,,
এইবার ঠিক আছে,Dhaka,,
জি আচ্ছা খান!,Dhaka,Brahmanbaria,
সমঝোতায় চলবে সব,ঝিনাইদহ,Dhaka,Patuakhali
"""কোন কথা নাই,সোজা বহিষ্কার""",Dinajpur,,
জনগন এটা পছন্দ করে না। একটি ভাল কাজ করে টাকা আয় করুন।,Dhaka,Madaripur,
খাইতে থাকেন,Dhaka,Gazipur,
লাগাতে লাগা আরও ধান লাগা,Dhaka,Chittagong,Mymensingh
একটু সমঝোতা করে নিলে ভালো হতো,Dhaka,Narsingdi,
ভাই এখন তো চামচাদেরই ডিমান্ড বেশি।।।,যশোর,,
খাওক,Sylhet,,
পায়খানা ইয়ে মানে পাবলিক টয়লেট খাবেনা?,Dhaka,,
হুম তাই তো,Dhaka,,
ইনসাফভিত্তিক বন্টন,Dhaka,,
ও আইচ্ছা।,Chittagong,,
ঘাট পাবে যে নৌকা দিয়ে মানুষ পারাপারের কাজ করে।,Rajshahi,,
বিএনপির উচিত ছাত্রদল এবং যুবদল বাদে অন্য সকল সংগঠনের সঙ্গে সম্পৃক্ততার বিষয়টি নিশ্চিত করা,Dhaka,Rajshahi,Bagerhat
ওকে,Dhaka,Munshiganj,
দেশে হচ্ছেটা কি,Dhaka,,
বিএনপি'র কোন নেতাও কর্মী আন্দোলনে ছিল না,Dhaka,Barisal,
৩০০ টাকার বিনিময়ে যে সরকার বানিয়েছে জনগন তার থেকে আর ভালো কি আশা করা যায়,Chittagong,Noakhali,
বেশি খাইলে দাঁতে পোকা ধরবে...,Panchagarh,,
হাট ঘাট সবি উপজেলা পরিশোধ লোকের তোলা উচিত। কারন নেতারা হাটের/ঘাটের টেন্ডার নেয় ১০০০ টাকায় আর সাধারণ মানুষের কাছ থেকে ভিক্ষা তুলে ১০০০০০ টাকা।,Dhaka,,
বিশ্বের সব দেশই চাদাবাজি আছে কিন্তু বাংলাদেশে কোন চাদাবাজি নাই। আছে সমঝোতা,Dhaka,Gazipur,
মানে কি আন্দোলন করলেই কি অন্যায় ভাবে সব করা যাবে? তাহলে সত্যের পথে আন্দোলন করেছেন? নাকি একজন কে তাড়িয়ে অন্য জন দখল নিয়েছেন?,Mymensingh,Sherpur,
সবাই বলেন কবুল,Dhaka,Mymensingh,
"""বেশি খাও খাও করবেন না, বেশি খাইলে বমি হবে।""",Dhaka,,
রাইট,Feni,,
মানচিত্র খাবি!,Dhaka,Gazipur,Cox's Bazar
খাও খাও! এইনা হলো খাদকের মতো কথা,Dhaka,Chittagong,Noakhali
আহারে আমার দেশ,Dhaka,,
সাব্বাস বেটা,Dhaka,Narsingdi,
খা,Dhaka,,
Might is right,Dhaka,Munshiganj,
Engr Mohammad Monir Baig তুমি বন্ধু সংগ্রামী তোমার অধিকার বেশী,Feni,,
খা খা ইচ্ছা মতো খা,Feni,,
টাটকী/টয়লেট /পায়খানা কে খাবে ভাই?,Dhaka,Barisal,
মামার বাড়ির আবদার,Dhaka,Kishoreganj,
"""এটা যৌক্তিক দাবি, সমর্থন জানাই।""",Chandpur,,
আলহামদুলিল্লাহ,Feni,Rangamati,
একটু পড়েই দল থেকে বহিষ্কার আদেশ পাবে বলে আমি মনে করি।,ঢাকা,বরিশাল,Dhaka
"""জ্বি, আচ্ছা""",Dhaka,Comilla,
হ ভাই মিলেমিশে খা,Dhaka,Kushtia,
"""খা, সমঝোতা করে খা,মারামারি করিছ না""",Dhaka,Gazipur,
"""রাতের বেলায়ও চশমা লাগায়, কারণ হ্যাতে পাতিনেতা""",Chittagong,Noakhali,
হাট ঘাট খাইতে খাইতে দেশটাই খাইয়া লও মামু।,Dhaka,Rajbari,
ঠিক আছে চালাইয়া জাও,ব্রাহ্মণবাড়িয়া,Barisal,Brahmanbaria
সুন্দর! চমৎকার!!!,Dhaka,Munshiganj,
ঠিক।,Dhaka,Narsingdi,
ইট ভাটা বিনা কাগজে চলে কেটাকা সন্ত্রাস মুক্ত করবে এইসে তাবগঞ্জে কর্মকর্তারা মানুষেরা,Dinajpur,,
খা খা খা সব চুসে চুসে খা,রংপুর,রাঙ্গামাটি,Rangamati
হাট ঘাটে আবার কী আছে?,Dhaka,,
কথা সইত্য,কক্সবাজার,Dhaka,Pabna
খাও সোনা খাও,Dhaka,,
কথায় যুক্তি আছে। খাবে,দিনাজপুর,Cox's Bazar,Dinajpur
কি সুন্দর কথা,Dhaka,,
কথা ঠিক,Sirajganj,,
গু খাবে না?,Khulna,,
একটু অপেক্ষা কর,Dhaka,Mymensingh,
"""হাটঘাট আর মাঠ, সরকারকে ইজারা দিয়ে নিতে হয়, এগুলো তো মানুষ দিয়েই পরিচালনা করতে হবে,""",Dhaka,,
দলের নিতি তো ধরে রাখতে হবে,Dhaka,,
"""সুযোগ বুঝিয়ে ,,,,""",Dhaka,Bogura,Bogra
খেল খেল খেল,Dhaka,Kushtia,
রোজার মাস যা খাওয়ার রাতের বেলা খাইছ। ের বেলা খাইছ না ।,Dhaka,Mymensingh,Gazipur
ওকে,Dhaka,,
নেতায় কিন্তু সোজা কথা বলছে,Chittagong,,
এটাও খাবি,ফেনী,Dhaka,Sylhet
এই নাহলে কিসের দর,Dhaka,Barisal,Bhola
ভাগাভাগি শুরু নাকি,Barisal,Bhola,
এবার ফিতরা সর্বনিম্ম ১১০ টাকা,লক্ষ্মীপুর,,
খোঁজ নিলে দেখা যাবে ৫ই আগস্টের আগে সে ছাত্রলীগের লুংগির তলে ছিলো,Chittagong,,
ধারুণ ধারুণ ধারুণ,কুষ্টিয়া,Chittagong,Kushtia
ঠিক,Dhaka,Mymensingh,Jamalpur
মাশা-আল্লাহ,Dhaka,Sirajganj,
ঠিক আছে লিডার,Dhaka,Cox's Bazar,Natore
সেটাই তো নায্য বিচার,Dhaka,Khulna,
পুরানো কথা গুলো আস্তে আস্তে সত্যি হচ্ছে!,Feni,,
কি কথা ক্লিয়ার? নাকি ভেজাল আছে?,নড়াইল,Dhaka,Narail
খুবই ভালো সিন্ধান্ত,Dhaka,,
ভাই আন্দোলনে তো আমারও অনেক অবদান আছে তাহলে আমি কি কিছু পাব ভাগে,Dhaka,Barisal,Gazipur
অবশ্যই,সিলেট,নরসিংদী,Sylhet
Sharif Chowdhry আপনিও পাবেন,নরসিংদী,,
তাইলে আমার ভাগের টা রাইখেন ভাই,Dhaka,Faridpur,
ওর আব্বায় রাইখা গেছে তো gando,Dhaka,,
পাগলের ও হাসি পাওয়ার মত কথা,Dhaka,Munshiganj,
Md. Mahmudul Islam Hope Less Munarul টিক আছে,Dhaka,Mymensingh,Gazipur
জোরে বলেন ঠিক কিনা,ফরিদপুর,Dhaka,
"""মানুষ মারিও না ভাই এমনি বুঝিয়ে নিও যে আমরা প্রতিবন্ধী আমাদের কর্ম নাই দেন, মানুষ মারলে তাদের পরিবার সন্তান আছে কষ্ট পাবে""",গোপালগঞ্জ,Dhaka,Rangpur
ঠিক আছে ভাই,নোয়াখালী,Lakshmipur,Noakhali
"""হ ভাই, আপনারা তো কোঠায় এগিয়ে আছেন আর আমরা জনগণ সব হরিদাস পাল!""",Dhaka,,
ওর কথায় যুক্তি আছে,Chandpur,,
দেশটা না খেলে কি হবে।,Dhaka,Rangpur,
খাই খাই,কুমিল্লা,Chittagong,Noakhali
পৈত্রিক সম্পত্তি মানুষ রইয়াসুয়া খায় বাবা তুমি বুঝে খাইও,Dhaka,,
"""কথা একদম পরিস্কার, নাকি ভেজাল আছে?""",Dhaka,,
অবশ্যই খাবে কেননা অনেক না খাওয়া!!,রাজশাহী,Rangpur,
এক্ষেত্রে এনপিপির অগ্রাধিকার বেশি,Sylhet,Chandpur,
এরা কোন গ্রহের,Dhaka,,
ঠিক ঠিক,Dhaka,Rangpur,
একদম সহজ ভাষায় বুঝাইয়া দিছে।,Sylhet,,
আমি এতে একমত,Cox's Bazar,,
"""ঐ সময়গুলোই ভালোই ছিলো। যখন আপসহীন নেত্রী জেলে ছিলেন, ছেলে লন্ডনে আর নেতারা গর্তে।…""",কুমিল্লা,পঞ্চগড়,Comilla
তাহলে আমার কি হবে?,Barisal,Bhola,
Mair,Dhaka,Gazipur,
খাওয়ার সময় এসেছে খান ভাই আপনারা সময় শেষ হলে পালাবার জাগাও পাবেন না ইনশাআল্লাহ,Dhaka,,
প্রচুর খাইতে হবে!,Dhaka,,
আয় হায়,Chittagong,Noakhali,
আমিও,Dhaka,,
Khaw,Rangpur,,
মন্ত্রী তো বলেই দিয়েছে সমঝোতার মাধ্যমে খেতে।,Rajshahi,Sirajganj,
হাট ঘাট খাওয়া শেষে টয়লেটের গূ খেওয়,Dhaka,Rangpur,
হরিলুট,Dhaka,Barisal,
এটা তাদের অধিকার বুঝলাম। যারা জীবন দিছে তাদের কি হবে???,Dhaka,,
হে অবশ্যই খাবেন হাট ঘাটের ঘাস লতাপাতা প্রয়োজনে মাঠিসহ খেয়ে ফেলেন।,Dhaka,,
শুধু রাস্তা ঘাট খাবেন কেন সাথে পায়খানা ও খান।,Rangpur,,
খাইতে যেন পেট খারাপ না হয়।,Sylhet,Sirajganj,
সরকারি ইজারা নিয়ে হবে,Dhaka,Pabna,
বিসমিল্লাহ বলে শুরু করে দেন।,Dhaka,,
এটা রাজনীতি বিদদের মৌলিক অধিকার,Narayanganj,,
Ai to Asol kota,Dhaka,Narayanganj,
না গো শোনা তোমাগো কেউ নাই খাউ তোমরাই খাও,Dhaka,Jamalpur,
খেতে খেতে এগিয়ে যাও,Dhaka,Gazipur,Sirajganj
ওকে,Dhaka,,
চমেৎকার,Dhaka,,
"""আলহামদুলিল্লাহ, যে জাতির জন্য যা দরকার।""",Dhaka,,
ভাইরাল ভাই,Dhaka,Chandpur,
মন ভরে খেতে হবে।,Khulna,,
সংবিধানে এড করেন,Dhaka,Rangpur,Bogra
চলছে খাওয়া দাওয়া...!! অথচ চলছে সংযমের মাস!!!,Comilla,,
মারহাবা,Rangpur,,
"""যত রাষ্ট্র কাঠামো ঠিক না হবে। প্রতিটা নির্বাচনে স্বচ্ছতা নিশ্চিত হবে তত মাঠে নামবো। দেশের মানুষ NCP চায়না, জামাত চায়না, …""",Dhaka,,
১৭ বছরের ক্ষুধার্ত বলে কথা!!,Dhaka,Khulna,Jhenaidah
১৭ বছরে রাজপথে আওয়ামী লীগের বিরুদ্ধে দেখি নাই তো বিএনপি আন্দোলন করেছে।,Dhaka,,
ঠিক ঠিক,Dhaka,Faridpur,
বি এন পি খাবে না তো কে খাবে?,রংপুর,,
হয়তো বাথরুম কইতে ভুইলা গেছে,Dhaka,Narayanganj,
সমঝোতার ভিত্তিতে খাবে!!!,Dhaka,Rangpur,
সঠিক,Manikganj,,
"""হাটও খাবি, ঘাটও খাবি তাহলে মাঠ টা আর বাকি রাখবি কেন ভাই? তোরা সব ই খা।""",Dhaka,Khulna,Satkhira
হ ১৭ বছর না খাইয়া ছিলি,চট্টগ্রাম,Dhaka,Chattogram
"""কি বলেন ভাই আপনারা দেশ স্বাধীন করেছেন আপনারা খাবেন নাতো কে খাবে আপনারা খালি বলেন আপনারা কিছু কারতে হবে না, আমরা আমাদের নিজ দায়…""",Dhaka,Feni,
আপনারা না খেলে কে খাবে ভাই বিএনপির এক নেতা তো বৈধ করে দিয়েছে চাদাকে আপনাদের কোন টেনশন নেই খেতে থাকেন। তবে ভাই সমঝোতার মধ্যে …,Cumilla,Comilla,
জ্বি স্যার,Dhaka,Mymensingh,
"""এদেশের প্রতিটি মানুষ আন্দোলনে ছিল। আবারো বলছি - প্রতিটি """"মানুষ""""।""",ফরিদপুর,Dhaka,
"""তা ঠিক আছে, কিন্তু মাইনষের ছোট্ট একখান মুখে এত্তবড় “মাঠ-ঘাট” গলা দিয়ে ঢুকায় ক‍্যামনে!!!""",Khulna,,
ঠিকহে,Tangail,,
দলের নির্দেশ মানা উচিৎ আমি মনে করি।। তবে আপনারা তো বিবেক বুদ্ধি খাটিয়ে চলবেন মানুষ হিসেবে।। কে আপনাকে ব্যবহার করছে কি দিচ্ছে এ…,Barisal,,
এগুলি খাবার জিনিষ??,Dhaka,Jamalpur,
Md Shafikul Islam তুই কোনটা খাবি?,Chittagong,Gazipur,
আনোয়ার টিভির সংবাদ,Dhaka,Barisal,
Sob seshe mancitro ta khabe,Chittagong,Noakhali,
মাশাল্লাহ,Chittagong,Noakhali,
খা খা বাবা খা ছিলাইয়া। কয়া লাগবেনা,Dhaka,Chittagong,
খা আমরা আপতত রোজায় ইফতার সেহরি খাচ্ছি,Dhaka,Chittagong,Lakshmipur
সাব্বাশ বেটা,Dhaka,Chittagong,
অয়,Sylhet,,
খাও ভাই খেয়ে সব ছাপা করে ফেলো,Chittagong,Khulna,
বন্ধু প্লিজ ওদের সামলা S A Raju,Sylhet,,
লিগ্যাল কথা,Dhaka,,
Thik,Dhaka,Gazipur,
ঠিক ই বলছে,বগুড়া,Dhaka,Bogura
"""খারে খা, খাওয়ার জন্যেই এ দুনিয়া""",Chittagong,,
Agula kotha theke ase??,চাঁদপুর,,
হ দরকার হইলে রাস্তা ইট খুলে বাড়ি করবো তারপর ও খাবো,Dhaka,Barguna,
দলকানারা এসব দেখে না?,Dhaka,Cox's Bazar,
না আমরা খেতে চাই না,Dhaka,Pabna,
"""জয়ীরা কথায় সংযত হন, নইলে দলের বদনাম হবে। আপনার জন্য দলের ক্ষতি মেনে নেওয়া যাবে না।""",যশোর,Khulna,Jashore
জ্বী ভাই,Tangail,,
1000 thik,Dhaka,Tangail,
তুমি ঠিক বলসো।,Mymensingh,,
বাহ,Chittagong,Brahmanbaria,
খা ভাই খা ভোট দিছে জনগণ এখন মন বরে খা।,ঢাকা,Dhaka,Gazipur
এটাই বাস্তব,Dhaka,,
ঠিক,Dhaka,Narayanganj,
"""হাট ঘাটের মালিকদের ও মাকে ইজাড়া দিয়ে থাকলে খাবে, অসুবিধা নাই।""",খুলনা,,
এটা তাদের হক,Dhaka,,
বেশি খাইলে পেট খারাপ হতে পারে,জামালপুর,Dhaka,
সামনে আগাও,ঢাকা,Dhaka,Tangail
সাব্বাস,Barisal,,
টয়লেট খাবেন না?,Dhaka,Barisal,
"""সঠিক কথা বলেছে,""",Dhaka,Gaibandha,
Hm Robiul Islam B Shuvo Ahmed Alom Anamul Ahmed তোরা কোন বাজার ঘাট পাইলি,Dhaka,Barisal,Gazipur
প্রয়োজনে পুরো দেশটাই দিলে খাও,Dhaka,,
মানুষের জন্ম হোক যেমন তেমন কর্ম হোক ভালো এদের কোনটাই ভালো না।,Comilla,,
জি বুঝলাম,Dhaka,Khulna,Jessore
ভিক্ষা কইরাও খাইবা,Dhaka,Kishoreganj,
সমঝোতার ভিত্তিতে তোমরা টয়লেডও খাবার সমস্যা নেই।,Dhaka,,
ওয়াও নাইচ । আমি ও আছি,Dhaka,,
"""কেন ঘরে খাবার‌ নেই, হাট ঘাট কেন খাইবা?""",চট্টগ্রাম,Dhaka,
না খাওয়া পার্টি এখন হাট ঘাট সব খাইতে চাই।,নরসিংদী,Tangail,
বরি দে,Dhaka,,
তার মানে তাদেট জুলাইয়ে কোন অবধান নাই,Chittagong,,
সহমত ভাই,Dhaka,Dinajpur,
এ জন্যই রাজনিতি,Dhaka,,
অবশ্যই নেতার সাথে দ্বিমতের কোন সুযোগ নাই কারণ পরিশ্রমের পরেই তো ফলাফল ভোগ করে থাকে,Feni,,
আচ্ছা ঠিক আছে,Rajshahi,,
সরকারি রাজস্বে যে বেশি টাকা জমা দিবে সেই পাবে,Pabna,,
সম্ভবত আপনার দলের চেয়ারম্যান এইবার সে সুযোগ দিবে না....,Dhaka,Chittagong,Madaripur
সঠিক সিদ্ধান্ত,Dhaka,Narsingdi,
পুরা দেশটাই একবারে খেয়ে ফেলতে পারলে আর কোন ঝামেলা থাকবে না। দেখেন চেষ্টা করে খেয়ে ফেলতে পারবেন।,সাতক্ষীরা,Khulna,Satkhira
খাও ভাই তোমার অধিকার!!,ঝালকাঠি,,
সমঝোতা করে খাইয়েন,Dhaka,,
দল থেকে লাত মেরে বের করে দেওয়া হউক,Dhaka,Sunamganj,
বেশি বেশি খেতে গেলে আল্লাহর তরফ থেকে পেট পিড়া হবে ইনশাআল্লাহ,বরিশাল,,
রোজা দিয়াই শুরু করে দিছে এদের দারা এগুলো মানায়।,ঢাকা,Dhaka,Narayanganj
অবশ্যই খাবেন! এটা আপনাদের হালাল অধিকার। প্রয়োজনে রাস্তার ইট খুলে বাড়ি নিয়ে যাবেন।,Dhaka,,
"""শুধু হাট,ঘাট খাইলে পেট ভরবে পাবলিক টয়লেট ও খাইতে পারেন।""",Dhaka,Sherpur,
হাট ঘাট শেষ হলে তার পর,Dhaka,Kushtia,
কথা কি ক্লিয়ার নাকি ভেজাল আছে...?,Dhaka,Manikganj,
Khato baba,Dhaka,,
হাট ঘাটের পায়খানা কে খাবে আপনি না তারাই? কেননা হাট ঘাটে পাবলিক টয়লেট থাকে যা কি না টাকা দিয়ে ব্যবহার করা লাগে........,Dhaka,Munshiganj,
মারো তালি,Dhaka,Rangpur,
হাট ঘাট মাঠ সব খা।,বরিশাল,Dhaka,Gazipur
লুটে পুটে খাও...,Chittagong,,
আমরা মিলেমিশে চাদা খাই আমরা দেশ চালাই,Dhaka,Sunamganj,
এই হাট ঘাট খাওয়ার জন্যই আন্দোলন?,Rajshahi,Barisal,Bogra
"""সোনা মিয়ায় যেহেতু বলে দিচে,তাইলে এটাই হোক অ-জাইচ্চা!""",Feni,,
এটা তো ওনাদের অধিকার এই অধিকারের বেত্তয় ঘটতে দেবে না।,Dhaka,,
ঠিক আছে আন্দোলনে যারা ছিল তারা হাত-ঘাট খাবে বুঝলাম আমাদের ফখরুল ইসলাম বলেছে তারা এই আন্দোলনে কোনভাবে জড়িত ছিল না তাহলে আন্দোল…,Dhaka,,
জনগন আগের মতন নাই প্রিয়,Chittagong,Noakhali,
ইফতারের পর পার্সেল করে পাঠিয়ে দিয়েন।,Dhaka,,
কি যে হবে... দেশে...! ও মাবুদ মহান আল্লাহ তায়ালা আপনি আমাকে বাংলাদেশ থেকে অন্য দেশে সেটেল করার সুযোগ করে ।,Rajshahi,Natore,
ঠিক,Dhaka,Sherpur,
কবে যে শুনতে হয় মানচিত্র খাবে।,Dhaka,Chittagong,
চারো দিকে খালি খাই আর খাই,Chittagong,Pirojpur,
"""খাওয়া খাওয়ি চলবে, জোরদার হবে, সব চেটেপুটে খাওয়ার জন্য তো এত সংগ্রাম""",Rangpur,Bogura,Bogra
Nurul Amin বস আপনি কোনটা,চট্টগ্রাম,Chittagong,Cox's Bazar
বালছাল,Khulna,Satkhira,
পাশা,Comilla,,
ওনি ঠিক বলেছেন,Dhaka,Joypurhat,
সাব্বাশ বেটা,Dhaka,Tangail,
সুন্দর না,Dhaka,Pabna,
এই কথাটাই কেউ বোঝে না??,Dhaka,Gazipur,
"""আমিও একমত, তবে সব আমার কাছে এনে জমা দিতে হবে""",Comilla,,
চারদিকে চাঁন্দাভাই,Dhaka,Munshiganj,
জ্বি,Dhaka,,
কিন্তু সব খাইতে হবে সমঝোতার ভিত্তিতে,Dhaka,Narail,
মাশাল্লাহ খুবই সুন্দর,Chittagong,Lakshmipur,
"""গলায় আটকে যাবে, একটু ধৈর্য ধর।""",Panchagarh,,
ফাইন। জুলাই তে মানুষ জীবন দিয়েছিল কি এ জন্য।,বরগুনা,Barisal,Barguna
সমস্যা.!!,Dhaka,,
ইচ্ছেমত খাও,Dhaka,Gazipur,Pabna
আমরা কিছু বলবো না ১৭ বছর আপনারা অনেক কষ্ট করেছে,Chittagong,,
ঠিক আছে নেতা কিন্তু নেতা রাতে চশমা কেন।,Chittagong,,
হাট ঘাট খায় কি ভাবে??,Dhaka,Magura,Pirojpur
সমঝোতার মাধ্যমে,Dhaka,Barisal,
কাজ নাই যত আকাইম্ম চিন্তা,Dhaka,Chittagong,
কত খাবেন সময় থাকতে ভালো হয়ে যান,Rajshahi,,
টেম্পু স্ট্যান্ড কে খাবে.....?,Barisal,,
"""সেটার প্রয়োজনীয়তা নেই, বরং তেলবাজ আর চামচাদের দেওয়া হোক।""",Dhaka,Shariatpur,
ভাই আমি গুলি খাইছি তার মানে আমি হাট ঘাট বাজার খামু,Dhaka,,
এদেশে এমন একটা আসবে আওয়ামিলীগের মতোন বিএনপির নাম নেওয়া টা নিষেধ হয়ে যাবে,নাটোর,Dhaka,Barisal
ভাই খাইলে কিন্তু রোজা ভেঙে যাবে,Khulna,Magura,
হাট ঘাট কি চিবিয়ে খাবে নাকি,Dhaka,Sylhet,Gazipur
বানী,Chittagong,Chandpur,
উনি কি ঈদের পরের আন্দোলনের কথা বলছেন। তার দল যে গত ১৬ বছর ঈদের পরে আন্দোলন করে খালেদা জিয়াকে মুক্ত করার চেষ্টা করেছিল সেই আন…,Barisal,Bhola,
A NI K Abdus Salam চাকরি না করে হাট নিলে পারতি,Dhaka,,
যা ভাই বাজার হাট ঘাট সবই খা এর পর বমি করে বমি ও খা।,Chittagong,,
"""সাবাস বেটা, এগিয়ে যাও।""",Dhaka,,
"""আপনি নিজেই আন্দোলনে ছিলেন না,তাছারা আমার মনে হয় না যে আপনি বিএনপি করেন????""",Barisal,,
কর্ম সস্তানের ব্যবস্তা করতেছে,Chittagong,Cox's Bazar,
ঠিকই তো,Chittagong,,
ওরে আমার নেতা রে..!!,Khulna,,
খেতে খেতে একসময় পেট ফেড়ে যাবে আ. লীগের মতো,Dhaka,Lakshmipur,
উনি অসুস্থ ওনার জরুরী চিকিৎসা দরকার,Dhaka,,
"""ঠিক, আপনি যা বলেন তাই হবে।""",Dhaka,,
তাও পেট টা ভর,Dhaka,Gazipur,
সমঝোতা গো।,Dhaka,Bogra,
খাবার মানুষের মৌলিক অধিকার,Dhaka,,
আমার বাসাতে এক হালি ডিম পাঠান ভাই। কারণ ৫ তারিখে আমিও পতাকা নিয়ে মাঠে ছিলাম....,Dhaka,Mymensingh,
সাব্বাস বেটা...!! এ হুয়া না বাথ...!!,নোয়াখালী,Noakhali,
এইটাই প্ল্যান,Dhaka,Dinajpur,
ঠিকই তো বলেছে এটাকে আবার নিউজ করার কি আছে? ১৭ বছর কিছু খেতে দেইনি এখন একটু সুযোগ পাইছে তার পেছনেও সাংবাদিক কেনো? চাদাবাজদের…,Chittagong,,
Eigula dhore drain er pani khaoyanu dorkar.,Dhaka,,
ইচ্ছে মত খেতে থাকেন শুধু ১০% জায়গা মত পাঠিয়ে দিয়েন তাহলে ধরা পরলেও বহিষ্কার এর নাটক করে বাঁচিয়ে দিবে খাম্বা সাহেব,Dhaka,Tangail,
এক দল খেয়ে গেছে আরেক দল খাইতে আসছে,Dhaka,,
হাট ঘাটের গু খাবে??,মাগুরা,,
চাকরি মনে হয় নাই গেছে।,Dhaka,,
এমন স্পষ্টবাদী হলেই হবে।,কিশোরগঞ্জ,Dhaka,Kishoreganj
জ্বি আপনাদের জন্যই ত সব কিছু। আসেন খেয়ে যান।,Khulna,,
এইসমস্ত নেতাদের যদি দমন না করেন মাননীয় প্রধানমন্ত্রী তাহলে দেশের সাধারণ মানুষের ভালোবাসা বেশি পাশে পাবেননা,Dhaka,,
kohi bath nahin.,Dhaka,,
এই অধিকার ও ক্ষমতা আমাদের আছে দেখলেই বোঝা যায় আপনি উচ্চ বংশীয়...............।,Dhaka,Gazipur,Pabna
হাট-ঘাট খাইয়েন কিন্তু প্লিগ রাস্তার ইট খুলে নিয়ে যাইয়েন না বোরো।,Dhaka,Comilla,
বিম্পি,Dhaka,,
সামনে বালুর ট্রাক আছে।,Dhaka,,
ওহ্ আচ্ছা এই ছিলো মনে,Dhaka,,
গুড,Dhaka,Kushtia,
"""ঠিক আছে, ওকে""",Cox's Bazar,,
Pungta,Dhaka,,
হাট খাট আবার খায় কেমনে??,Dhaka,,
হে হে হে,খুলনা,Dhaka,Khulna
আপনারা না খাইলে আর খাবে কে?,Dhaka,Mymensingh,
বেশি খেতে যাইও না বাতিজা.. মুখ পুড়ে যাবে। মিলে মিশে খাও,ঢাকা,Dhaka,Chittagong
Amio tai boli ustad. …,কিশোরগঞ্জ,Dhaka,Kishoreganj
হাট ঘাট না খেয়ে ভিক্ষা চাইলেই তো মানুষ দেয়,Dhaka,,
"""জি,এটা মেনেই ভোট দিছে পাবলিক তাই এটা তেমন সমস্যা না""",Dhaka,Gazipur,
কোন আন্দোলন তো ১৭ বছরে দেখি নাই,Dhaka,,
আহারে বাবু মনে হয় ১৭ বছর না খেয়ে আছে,Dhaka,,
সাবাস বাগিনা,Dhaka,Tangail,
ঠিক ঠিক।,Comilla,,
সাবাস। এটা যে আপনাদের আসল চরিত্র। প্রকাশ করার জন্য ধন্যবাদ,Comilla,,
Only Love react,Narayanganj,,
চালিয়ে যেতে পার,Khulna,Jessore,
ঠিক হে,Sylhet,Sunamganj,
সেটা কোটায় না মেধায়?,Tangail,,
বিএনপি'র দুঃসময়ের কান্ডারী আমিও তো ছিলাম. ঘাট ঘাট খাওয়াবি ঘৃণা করি. খা তোরাই মর,Dhaka,,
আহ খাওন আর খাওন,Rangpur,Gazipur,
খাঁ খাঁ,Dhaka,Barisal,Bhola
মারহাবা!,Chittagong,Noakhali,
চেটেপুটে সব খেয়ে দেশটা পরিস্কার করে ফেল!,Dhaka,,
যারা না ছিলো তারা খায় যারা ছিলো তারা পায় না,Dhaka,Patuakhali,
প্রয়োজনে ডাল পালা ছিড়ে খাবেন বাট সমজোতার মাধ্যমে।,Barisal,Patuakhali,
খাইও তবে সমাজতার মাদ্যমে।,Chittagong,,
সবই খা খাইতে মানা করছে কেডা,Khulna,Brahmanbaria,Satkhira
"""কিসের আন্দোলনে ছিল, নেশা খাওয়ার, নাকি মাদক বিক্রি আন্দোলনে বলতে হবে, জনগণকে""",Khulna,Kushtia,
"""হ ভাই,খাও খাও তোমরাই তো খাবা®তবে সমঝোতা করে খাও""",Rajshahi,,
সমোজতার মাধ্যমে হোক,Dhaka,Faridpur,
কুকুর কিন্তু পাহারাদারের দায়িত্ব পালন করে। ভোগ করে সম্পদের মালিক। ঠিত তেমনি দেশের সম্পদ দেশের জনগনের জন্য। কোন পাহারাদারের জন্…,Dhaka,Sirajganj,
এখন থেকে তাহলে হাট বাজারের টয়লেট গুলোও পরিস্কার পরিচ্ছন্ন থাকবে।,Sirajganj,,
দেখেন যা ভাল মনে করেন @highlight,Khulna,Jessore,
তাহলে আমি খাইতে পারবোনা,Dhaka,Feni,
না ঠিক আছে আপনারাই খান,Dhaka,,
টেম্পু ইস্টান,Chandpur,,
এতো বড় পেট,Dhaka,Faridpur,
যেহেতু আপনি আন্দোলনে ছিলেন অবশ্যই আপনার হক আছে,Chittagong,Noakhali,
ভালো ডিসিশন।,Khulna,Kushtia,
এহল আসল কথা,Dhaka,Gazipur,Narayanganj
যেমন কর্ম তেমন ফল।,Dhaka,Jamalpur,
"""হাট- খাট খাবেন খান, তবে চাঁদা তুলে খাইয়েন না।""",Dhaka,,
সমঝোতার সাথে খাইয়েন,Chittagong,Noakhali,
"""ফখরুল কাকা, এই লোক কি বিএনপির কেউ নয়?""",Dhaka,Faridpur,
মারহাবা মারহাবা,Chittagong,,
অবশ্যই খাবে!,Dhaka,Gopalganj,
এটা আপনাদের জাতীয় অধিকার।,Khulna,,
"""আমিও মনে হয় ছিলাম,, তবে রোজা তো খাবো না""",Khulna,,
লাগারে লাগা,Panchagarh,,
বহু ের ক্ষুধা খেতে তো হবেই,Dhaka,Brahmanbaria,
এইত লাইনে আসছেন?সমঝোতার মাধ্যমে ইফতার করেন!,Chittagong,,
Tik ase,সিলেট,নরসিংদী,Sylhet
বাংলাদেশের সাধারণ মানুষদের মা বোন বউ সন্তানদের মেয়েদের নিরাপত্তা কোথায়??????????,Dhaka,,
এটা নাকি বিএনপি দল,ঢাকা,Dhaka,Chittagong
"""অবশ্যই! হাট-ঘাট খাওয়ার জন্যই তো আপনাদের আন্দোলন। তাহলে অন্য কেউ খেতে চাওয়াটা তো অন্যায়.. আপনি এগিয়ে যান, কার কি হয় হোক""",দিনাজপুর,Dinajpur,
না ঠিক আছে রমযান মাস দেইখা কিছু বললাম না,Barisal,,
পাবলিক টয়লেট যেনও বাদ না যায়!,Dhaka,,
ভাইটি মনে হয় অনেক স্মার্ট। রাতে সানগ্লাস পড়েন।,কুষ্টিয়া,Kushtia,
১ বছরের মধ্যে বিএনপি ও পালাবে,Dhaka,,
"""ওরে লেতারে এখন আর ভাত খাবেনা হাট,ঘাট খাবে""",Barisal,Bhola,
তাইলে ঠিক আছে,পাবনা,,
তাহলে বি এণ পি তো সরাসরি জড়িত ছিল না হিসাবে কিছুই পাবেন না,Mymensingh,Sherpur,
বিজয়ী মিরজাফরের চেয়ে পরাজিত সিরাজুদ্দৌলার ইতিহাস অনেক সম্মান ও গৌরবের,Chittagong,Bandarban,
সুন্দর একটি সিদ্ধান্ত,বান্দরবান,Dhaka,Manikganj
তাহলে আমি কোনটা ভাগ পাবো,Dinajpur,,
আল্লাহ অনেক বড় করুক আপনাদের,Narsingdi,,
"""গরুর হাটে গোবর আছে,ওগুলাও খাইস,কিছু পার্সেল করে দলের অফিসেও পাঠাইস""",Rangpur,,
ওয়াও খাও খাও।,Barisal,Bhola,
হাচা কতা কইছেন।,Dhaka,Faridpur,
আস্তাগফিরুল্লাহ,Chittagong,,
ভাইয়া বলে কি,Dhaka,,
জি,Barisal,,
যাক হাট-ঘাটের গু -গবর খাওয়ার লোক তাইলে পাওয়া গেল।,ঝিনাইদহ,Dhaka,Mymensingh
বাহ বাহ,Khulna,,
"""উত্তম বলিয়াছেন, সহমত লেতা""",Dhaka,Chittagong,Brahmanbaria
ওমা তাই,Dhaka,,
খাবে,ঢাকা,বরিশাল,Dhaka
ইট পাথর বালু সিমেন্ট এগুলাও খাবে তারা,Rangpur,Lalmonirhat,
ওকে,Dhaka,Pabna,
নেতাদের কাছে দেশটা যেন গনিমতের মাল!,Dhaka,,
আন্দোলনে কোন বিএনপির কর্মী ছিল না তার প্রমাণ মির্জা ফখরুল সাহেব নিজেই বিশ্বাস না হয় সোশ্যাল মিডিয়ায় ভিডিও আছে দেখে নিতে পারেন,Dhaka,,
আমি ও তাই বলি।,Dhaka,Jamalpur,
খায় দেখেই ত আন্দোলন হইছে আপনাদেরকেও কি দওরাই তে হবে,Dhaka,,
খা রে ভাই খা,Comilla,,
আর টয়লেট কে খাবে?,Barisal,Patuakhali,
Kn,Dhaka,,
ভাত মাছ রেখে এত খাবার কিবা করে খাব ছাওয়াল,Dhaka,Narayanganj,
রমজান মাস চলে ইফতারের পর খাইয়েন।,Natore,,
এটাই তারেক রহমানের আই হ্যাভ এ প্ল্যান এর অংশবিশেষ।,Dhaka,Lakshmipur,
চমৎকার,Dhaka,,
আচ্ছা ঠিক আছে,Sirajganj,,
নৈতিকতা নিদারুণ অবক্ষয়,Cumilla,Comilla,
একদম ঠিক এভাবেই চালিয়ে যান,Dhaka,Khulna,Jessore
উচিৎ কথা কইছে,Chittagong,,
"""ঠিক ই তো, এত আন্দোলন এ কত কষ্ট করছেন ।""",রাজশাহী,Rajshahi,
বাহ..,Patuakhali,,
এটা চিরিয়াখানা থেকে কিভাবে ছাড়া পেল,Sylhet,,
খাইয়া মইরা দেখ কি হয়!!,কুষ্টিয়া,Comilla,Kushtia
"""রাস্তার ইট খুলে বাড়ি নিয়ে যাও,ওগুলো এখন তোমাদের পৈতৃক সম্পত্তি""",Dhaka,,
খাও খাও ভাতিজা ঐ আপা ইস লডিং,শেরপুর,Sherpur,
Kha kha onek bocor upos chili kha Rojate beshi kha karon rojar gular hisab hobe na,Chittagong,,
মন মত খা,Gazipur,,
টয়লেটও বাদ দিলেন না,ঝিনাইদহ,Dhaka,Kushtia
এটা বাংলাদে____শ এটা পাকিস্তান নারে বাবা____এটা ইন্ডিয়া না____,Dhaka,,
"""এত খাইলে পরে গলায় আটকিয়ে যাবে,""",রাজশাহী,,
লে হালুয়া,Dhaka,Gazipur,
আসেন সবাই মিলে মিশে খাই,Barisal,Bhola,
"""১৭ বছর আপনারা খাইতে পারেন নাই । তাই আপনারা ৫ বছর খাবেন, এটাই তো নিয়ম। কথা হচ্ছে খাওয়া শেষ হলে ময়লা গোলা নিদিষ্ট জায়গায় ফেলবেন…""",Dhaka,Sylhet,
Ahare ruti ruji,Rajshahi,,
পুরা দেশটাকেই খাইয়ালা....,Dhaka,Comilla,
খোঁজ নিয়ে দেখেন হ্লায় গুপ্ত,Dhaka,,
"""খাও বেশি করে খাও,শুধু পিছনটা সাবধানে রাখিও।""",সুনামগঞ্জ,,
হাঁটের টয়লেট সহ খেয়ে ফেলো ।,Dhaka,Gazipur,
এমন কথায় তো শুনতে চাই,Khulna,,
ঠিক আছে বস,ফরিদপুর,Dhaka,Faridpur
"""এবার বুঝতে পারবে সাধারণ মানুষ কাকে ভোট দিলাম,,,,""",Dhaka,Dinajpur,
আচ্ছা!,পাবনা,Dhaka,Pabna
ঠিক,Dhaka,Barguna,
"""ঠিকই বলেছে সে,,,""",Chittagong,,
পাবলিক টয়লেট কে খাবে?,Dhaka,Barisal,
উওম প্রস্তাব,Bogra,Dinajpur,
সবই তো খাবেন তাহলে টয়লেট টা বাদ রাখবেন কেনো ওটাও খান,Barisal,,
গরীবের খোলা টয়লেট এ জমানো কম্পোস্ট সার গুলো খেয়োনা এগুলো এরা সবজি ক্ষেতে ব্যবহার করবে।ধন্যবাদ।,Chittagong,,
কাম খতম,Dhaka,Mymensingh,
এমন ভাবে খেওনা যাতে হজম শক্তির সমস্যা হয়।,Dhaka,,
হাট আর বেশি দূর নয়।,Rajshahi,,
"""তারেক রহমানের বিয়া। আমরা খামুনা, তাইলে কে খাবে""",Dhaka,Comilla,Lakshmipur
সাবাস বেটা।,Khulna,Jashore,Satkhira
হালায় একদম ঠিক কতা কইছে,Dhaka,,
আরে ভাই সমঝোতা করে খাবে তাহলেই তো খাওয়াটা বৈধ হবে,Dhaka,,
বাহ্ কি সুন্দর বক্তব্য,Rajshahi,,
"""Md Asraful Islam ভাই আপনার বাঘ বুঝি লোয়েন,""",Chittagong,Lakshmipur,
17 বছর ধরে পেট খালি খাওয়া দাওয়া তো করতে হবে। হাট ঘাট সবকিছু চেটেপুটে খাও,Sylhet,,
হুমমম খাবি এমন খাওয়া খাবি দেখিস বিচি দুইটা যেনো বাদ না যায়,Cumilla,Comilla,
হক কথা।,Dinajpur,,
"""ভিডিও দেখেছি এদের কেন এখনো পুলিশ প্রশাসন পাকড়াও করছে না, এটা বাংলাদেশী বাঙালিদের চিন্তার বিষয়""",Dhaka,,
টয়লেট কে খাবে,Barguna,,
ঠিকই বলেছ ।,বরিশাল,,
আইচ্ছা,নরসিংদী,Barisal,Gazipur
লগে গু গোবর সহ সব খা,Dhaka,,
"""আমি সহমত পোষণ করছি,,,""",Barisal,,
রাস্তার মাটিও খেতে হবে কিন্তু,নরসিংদী,Dhaka,Mymensingh
লে হালুয়া,Comilla,,
অবশ্য খাবে দেশটাতো আপনাদের,কুমিল্লা,Cumilla,Comilla
সাব্বাশ,জামালপুর,Dhaka,Jamalpur
খাও,Dhaka,Natore,
Thik,ঢাকা,রাজশাহী,ঠাকুরগাঁও
চমৎকার কথা ৫০%গাদ্দার জনগনের জন্য আপনি চমৎকার কথা বলেছেন।,Rangpur,,
ঘাট খাবে ভালো কথা হাট কাবে কেমনে?,Dhaka,Barisal,Bhola
Nice & Attractive,Chittagong,Noakhali,
Somojotar mode khabe to...ta hole somusa ki...?,Dhaka,,
এটা তাদের অধিকার,Khulna,Jashore,Jessore
ঠিক ঠিক আপনার খাবেন না তো কি জনগণ খাবে,বরিশাল,Barishal,Barisal
কথাই যুক্তি আছে,Chittagong,,
আমাদের কুষ্টিয়ার কলঙ্গ,Dhaka,,
কেউ তাকে বাঁধা দিয়েছে!,Dhaka,,
টয়লেট যাইবো কে,ঢাকা,ময়মনসিংহ,Dhaka
পিলার খা,Dhaka,Kishoreganj,
সমঝোতায় খেয়ে নিও,Dhaka,Rajshahi,
"""কি যুগ আইলো বাহে, ঘোষণা দিয়ে চাঁদাবাজি করে.....""",Sirajganj,,
"""টয়লেটও খাবেন, নিষেধ করছে কে।""",ভোলা,Barisal,Bhola
খাব খাব খাব খাব খাব খাব খাব খাব খাব খাব সব খাবো,Dhaka,,
কালা চশমা,Dhaka,,
আচ্ছা ঠিক আছে,Rangpur,Gaibandha,
হুম। এটা যৌক্তিক। মেনে নিতেই হবে।,Bogra,,
প্রধানমন্ত্রী ও নীতিবান মন্ত্রীদের একান্ত নিরলস প্রচেষ্টাকে এরা নস্যাৎ করে দিবে।,Dhaka,,
ইনকাম করে খেতে কি গায়ে ব্যাথা লাগে?,Khulna,Kushtia,
"""খেলা হবে,,, খাবে, কঞ্চি সহ বাঁশ""",Barisal,,
পতনের সুর বাজছে,Rajshahi,Dinajpur,
ঠিক,Dhaka,,
প্রবাস থেকে রেমিট্যান্স কমপ্লিট শাট ডাউন দিয়ে আমরা আন্দোলনের অংশগ্রহণ করছিলাম। এখন আমরা কি দেশে এসে বাজার ঘাট দখল করে বউ বাচ্চা পালতে পারমু।,Dhaka,Rajshahi,Gazipur
সাবাশ,Dhaka,Barisal,Gazipur
"""টয়লেট গুলো ও খাইস, তাহলে মানুষের আর কষ্ট করে পরিষ্কার করা লাগবে না""",Dhaka,Mymensingh,
ঠিক আছে,গাইবান্ধা,Dhaka,Rangpur
মাদক কে না বলতে হবে। কোন ভাবেই মাদকসেবীদের প্রশ্রয় দেয়া যাবে না। না মানে না। ডিসি মাসুদ আপনি একদম সঠীক পথে আছেন। পুরো দেশ …,Mymensingh,Sherpur,
কেন খাবেন না দরকার হলো মল-মুত্র খাবেন আপনাদের সকল অধিকার আছে,Dhaka,,
ফুটফুটে সুন্দর,Dhaka,,
সাবাস বেটা,Dhaka,,
বুজিয়ে বলুন স্যার,Dhaka,,
আমি পয়লা ভাবছি ইমরান খান এখন দেখি পাতলা খান,Dhaka,,
ওই শেষ,Dhaka,Munshiganj,
খেয়ে যান।,যশোর,Khulna,
Ami silam,Dhaka,Kurigram,
সমঝোতার মাধ্যমে সব নিজের করে নিবেন,Rajshahi,Natore,Pabna
আচ্ছা খান,Dhaka,,
খা আরো খা সময় থাকতে খা খাইয়্যা পেট ফাইট্টা ম‌ইরা যা,Narayanganj,,
"""সমঝোতা করে খাও তোমাদের আব্বুর সম্পত্তি মিলে মিশে খাও,মিলে মিশে খাওয়া ভালো""",যশোর,Joypurhat,Dinajpur
সমঝোতা করে চাঁন্দ্রঁ নিও,Dhaka,Manikganj,
হাট-ঘাট খেয়ে কি করবি? পুরা বাংলাটাই খা,Dhaka,,
আইচ্ছা,Dhaka,Rangpur,
ওকে,Dhaka,,
ডিম পাড়ে হাসে খায় বাগডাসে,Chittagong,,
বিম্পি মানেই বিনোদন।,Dhaka,,
Bangladesh e ki ay khawa khawee bondho kora jay na?,Dhaka,Bogura,Pabna
Kn kaj kore khele ki problem,Dhaka,,
দোয়া এবং আশীর্বাদ রইল ১…,Sirajganj,,
আগেই বলেছিলাম এরা মালটা বেশি সুবিধা নয় গরিবের কথা বাসি হলে মিষ্টি হয়।,Dhaka,,
এই সালারে জুতা মার।,Dhaka,Narayanganj,
তেরিত্তো,Khulna,,
এইসবের কারণে বিএনপি ধ্বংস হয়ে যাবে। তাই প্রধানমন্ত্রীর জরুরীভাবে হস্তক্ষেপ করা উচিত এসব বিষয়গুলো।,Dhaka,,
জন্মের পর থেকেই রোজা রাখলে যা হয়,Dhaka,,
সহমত,Chittagong,,
KT Towhid Khaw valo kory.,Dhaka,,
খাও হেডা বইরা খাও,কিশোরগঞ্জ,Dhaka,Kishoreganj
কোন আনদোলনে ছিল। বালির গাড়ি সরানোর মতো শক্তি ছিল না।,ঢাকা,Dhaka,
কেন দেশে কি চাল ডাল এর অভাব পড়েছে।,Khulna,,
আরেএএ এটা তো সরকার দলের বিপক্ষে পোস্ট!!!,Dhaka,,
"""জি বস, আপনি যেহেতু বলেছেন ঐটাই ঠিক,,""",Dhaka,Sirajganj,
Khao kew na korbe na,Dhaka,,
"""প্রথমে ভেবেছিলাম এটা সজিব ওয়াজেদ জয়,পরে লেখা দেখে বুঝতে পারি,সেচ্ছাসেবক নেতা।""",Dhaka,,
রোজা কি বেশি লেগেছে রে ল্যাসপেন্সার।,Dhaka,,
Well- done boy,ময়মনসিংহ,Dhaka,Khulna
সমঝোতার মাধ্যমে খাবেন,Barisal,,
"""হ্যা, তাইতো!""",Barisal,,
এখন ঠিক আছে,Dhaka,Kishoreganj,
বাহ,কিশোরগঞ্জ,Dhaka,Kishoreganj
আলহামদুলিল্লাহ,Dhaka,Chittagong,Lakshmipur
জন্ম ও কি হাট-ঘাটে,Chittagong,,
কত সুন্দর বক্তব্য এটা কি অযৌক্তিক কথা।,Dhaka,,
জাগছে এবার সরকার,রংপুর,লালমনিরহাট,Lalmonirhat
Khan apnarai khan......khan khan khak....kir.... Pola,Chittagong,Lakshmipur,Noakhali
Taholey AJ theika Ami amar molteg gula tader jonno joma korthe thakbo ai gulain tader jonno favourite,Dhaka,Chandpur,
"""Great. Feel good to hear. Let destroy the Bangladesh by extortion, bribery and corruption. Joy ...... BNP's joy.""",Dhaka,,
"""Nazrul Islam, তুর জন্য কোন টা লাগবে,তুই তো আন্দোলনে ছিলি""",Chittagong,,
রোজা রমজানের খালি খাওয়াু খাওয়ির গপ্প।,Dhaka,,
কোন আন্দোলন করেছেন আপনারা। যতসব,Thakurgaon,,
"""ল্যাতা ঠিক বলেছেন,১৭বছরের ক্ষুদার জ্বালা সমালোচকরা কি বুঝবে? আকাশ আর এলাকা যত অন্ধকার হোক সানগ্লাস খোলা যাবেনা।""",Dhaka,,
খাও পেট ভর্তি করে খাও,Dhaka,Naogaon,
লগে বাংলাদেশের মানচিত্র টাও খাইয়া ফেলেন,ঢাকা,Dhaka,Barisal
lagare laga,Dhaka,Khulna,
বাজার সহ খেয়ে পেলো বাঁচা.....,Dhaka,,
চাদা তোলা মৌলিক অধিকার। ইচ্ছে মতো খা।,Khulna,Jessore,
সতেরোটা বছর উপবাস করছেন এখন তো খাবেন? আপনাদের অনেক খিদে লাগছে এটা আমরাও বুঝি।,Chittagong,,
মাঠ বাদ গেছে দাদা,Dhaka,Khulna,Jessore
কথায় যুক্তি আছে। ন্যায্য অধিকারও বটে।,Khulna,,
পিছন দিয়েও খান,Dhaka,,
ক্যান।বাড়িতে কি বউ রান্না করেনা ভাতটাত,Dhaka,Khulna,Jessore
সব ঠিক আছে।,Khulna,Jessore,
খা.. সময় কম হাতে। তাড়াতাড়ি যা পারছ খাইয়া ল,Dhaka,,
"""অবশ্যই,,,,,, এ ভাবেই নতুন কর্মসংস্থান এর ব্যবস্থা হবে,,,,,""",Dhaka,Mymensingh,Natore
"""সব খা, খেতে খেতে বদ হজম হবে।""",রাজশাহী,Rajshahi,Gazipur
বিলকুল বস,খুলনা,Dhaka,Chittagong
হয় লেতা।,Bogura,,
আপার আমলে পুলিশের বাশি সুনলেই পাহাড় পর্বত চুরমার করে কোন দিয়ে পলাতো ঠিক ছিলো না তাদের এখন কতো গলাবাজি,Dhaka,,
ঠিক আছে লিদার তালিয়ে দান,Dhaka,,
না ঠিক আছে তোমরাই খাও ১৭ বছর না খেয়ে আছো,Chittagong,,
Azizur Rahman আমাগো জন্য কিছু রেখে দিস,Dhaka,Bhola,
Ahare koto je khida or,Dhaka,,
খাও খাও তোমরাই তো খাবা।,Chittagong,,
ওই অঞ্চলে মানুষ নাই ওরে জুতা মেরে ঐখান থেকে বের করে না কেন,Dhaka,,
ঝারু দিয়ে পরিস্কার করে তার পর খাবা।,Dhaka,,
"""ঠিক আছে চাচা,চালাই যান""",Khulna,Jessore,Kushtia
"""এতো ছোট ছোট কিছু খেয়ে কি লাভ সরাসরি দেশের রিজার্ভ এর টাকা গুলো খেয়ে নিলেই তো হয় ঝামেলাই শেষ ,,,বোঝে না বকা কোথাকার""",Natore,,
"""এরা অভুক্ত হয়ে যায়, অনেক বছর খায়নি, এখন ক্ষুদায় মাঠ ঘাট সবই খাবে।""",Dhaka,,
তাহলে আন্দোলনের দরকার কি ছিল???? তারাও তো খাচ্ছিলই।,Dhaka,Mymensingh,Narayanganj
আবর্জনা টা আগে যেনো ফুরায়,রাজবাড়ী,Dhaka,
"""যত মন চাই, খাও কেউ কিছু বলবে না""",Dhaka,Jhenaidah,
সময় ঘনিয়ে আসছে,Dhaka,,
এটা ভালো ছিল,Lalmonirhat,,
[সন্দেহজনক লিঙ্ক সরানো হয়েছে]...,Dhaka,,
Jehetu Sunglass poira koisey tarmaney thik e koisey.....,Mymensingh,Sherpur,
খিদার চোটেতো আপনেগো পেট আর পিটতো এক হয়ে গেছে,Dhaka,,
"""১৭ বছর রোজা রেখেছে, আর এখন তো ইফতার শুরু করছে।আপনারা কিছু মনে করেন না।এদের জন্য জায়েজ আছে""",Khulna,Jessore,
"""আমার জন্য কিছু রাখিয়েন,,,""",Barisal,,
সহমত ভাই সহমত,গাজীপুর,Dhaka,Gazipur
সব খান দোয়া করি।,Dhaka,Feni,
"""খাও ভাই, বেশি বেশি খাও""",Rangpur,Dinajpur,
"""রমজান মাস টা যাক, তার পরে না হয় খাওয়া শুরু কইরো।""",রংপুর,Chittagong,Rangpur
এর সর্বপ্রথম আইনের আওতায় আনা হোক।,Dhaka,Khulna,Gazipur
সামনে আরও অনেক কিছু আছে।,Dhaka,Gazipur,Naogaon
বাহ চমৎকার হাট ঘাট ইজারা আমরা খাবো,Chittagong,,
ধন্যবাশ,Dhaka,Khulna,
আমি তো পাসা ভাই বুঝেছিলাম,Dhaka,,
কথায় কোন ভেজাল নাই।।।,Dhaka,,
হাট ঘাট খাইয়া ফেললে হাট বসাইবে কোথায়,Dhaka,Mymensingh,
আলহামদুলিল্লাহ,Dhaka,,
এরে দেখতে মারজুক রাসেল অরফে বেচেলর পয়েন্টের ফাসার মত লাগতেছে।।,Feni,,
সাথে টয়লেটও খা,Dhaka,,
পেন্ট খুলে রাখিস কষ্ট করে খাবি কেন আমরা খাইয়ে দিব করনচোদ,Dhaka,Barisal,Gazipur
হাহাকার হাহাকার পেটে,Dhaka,Mymensingh,
Raihanur Rahman Jewel বন্ধু খাবি নাকি...?,পাবনা,Dhaka,Rangpur
শুধু হাটঘাট খেলেই চলবে মাঠও খেতে হবে প্রয়োজনে ইট বালু খোয়া সিমেন্ট মিশিয়ে খেতে হবে,Dhaka,,
বাজার ঘাটের ইট ও খান,Barisal,Bhola,
Miraj Hossain Hannan Badsha তোমরা তো আন্দোলনে ছিলা এখন কি সিদ্ধান্ত নিবা??,ঢাকা,ফরিদপুর,Barisal
তাহলে আমাদের গ্রামের ভন্জন হবে প্রধানমন্ত্রী,Khulna,Satkhira,
খেলা হবে আওয়ামীলীগের বি টিম,ভোলা,Khulna,
বেশি খেও না ভাই পেট খারাপ করতে পারে সাথে ওরস্যালাইন রাইখো,Dhaka,Mymensingh,Sherpur
সংসার চালাতে হবে ত,Satkhira,,
অবশ্যই আপনাদের খাওয়ার অধিকার আছে ব্রিজের রড খুলে ও খেতে পারবেন।,ময়মনসিংহ,Comilla,
সুন্দর বন্টন,ঢাকা,Dhaka,Mymensingh
বাশ,Dhaka,,
ঠিক বলেছেন,কিশোরগঞ্জ,চাঁদপুর,Dhaka
ঢাকা - সিলেট মহাসড়কে ইচ্ছাকৃত যানজট লাগিয়ে সরকারের ভাবমূর্তি ক্ষুণ্ন করার চেষ্টা করছে অনেকে। এ বিষয়ে সতর্ক থাকতে প্রশাসনের প্র…,Dhaka,,
মাশাআল্লাহ,Chittagong,,
কত বড় লেতা রাইতে পড়ে সানগ্লাস।,Chittagong,,
ওয়াও নাইস,Dhaka,Mymensingh,
Azad Hossain ব্যবস্থা নিতে হবে,Dhaka,Chandpur,
আমার ভাগ টা রাইখেন,বরিশাল,Barishal,Barisal
সমঝোতা করে খান সমস্যা নাই,Comilla,,
হয় হয়,ঢাকা,Dhaka,
খাও বেশি করে।,Joypurhat,,
আম্রা ঈদের বাজারটা করিলাই হাট ঘাট নিবায় গিয়া,সিলেট,Sylhet,
বেশি খাইস না বমি হয়ে যাবে,Dhaka,,
অয়েট এন সি,Barisal,,
সমঝোতার মাধ্যমে খা ভাই,Dhaka,Jhenaidah,
Biplob Ahmed Bappi ne kha,Dhaka,Shariatpur,
সাবাস বেটা।,Dhaka,,
এখানে অনেকের কমেন্ট পড়লাম আচ্ছা কেউ কি বলবেন আপনার এলাকায় এমন কয়টা বাজার আছে যা সরকারি ডাক হয় না? এবং ফেরি অথবা খেয়া ঘাট? যদি…,Dhaka,,
Thik,Feni,,
হুম খান পোনমারা খাওয়ার জন্য ও প্রস্তুতি নেন,চট্টগ্রাম,Chittagong,Noakhali
না করছে কে হাট গাট খাও,Dhaka,Chittagong,
এ কেয়া হে ছানা,Mymensingh,,
প্রচুর খিদে,Khulna,Faridpur,Magura
প্রচুর লুটেপুটে খেতে হবে।,Dhaka,Rangpur,
17 years khay ai era.,Dhaka,,
হাট ঘাট খায় কিভাবে?,Barisal,,
খাও বাবা খাও,Dhaka,,
খালি খাবে,Mymensingh,Sherpur,
সংসদে হাজে যুক্ত হয়েছে আজও যুক্ত হয়েছে,Dhaka,,
আপাই বেস্ট ছিলো ওদের জন্যই।,নরসিংদী,Dhaka,Rangpur
গুগা,খুলনা,Khulna,
চেটেপুটে খাও ভাইয়া। তোমাদের অধিকার তমাক আদাই করতে হবেঁ,Rajshahi,,
"""খা ভাই,মানুষ না মারলে হবে।""",Barisal,Bhola,
প্রয়োজনে রাস্তার গাছ কেটে খাব তো অন্য কাউকে ভাগ দিবোনা,রংপুর,Dhaka,Barisal
সেই ভালো করে খা,Dhaka,Narsingdi,
"""সমস্যা নেই দলকানা চাঁদাবাজ, সমঝোতা করে খা।""",Barisal,Bhola,
"""প্রয়োজন এ রাস্তার ইট, লাইট খাবে।""",Dhaka,Jamalpur,
"""খাও,, খাও,,""",Dhaka,,
"""শেষ, কাজ করে খান""",Dinajpur,Thakurgaon,
খাও আবার গলায় বাজাইও না,Dhaka,Gazipur,
রোজার মাস ইফতারে টাকা তো লাগবে,Barisal,Bhola,
"""ন্যায়সঙ্গত দাবি, এটা আপনাদের অধিকার""",Dhaka,Gazipur,Tangail
সহমত,Chittagong,,
কাও ভাই,Dhaka,,
"""তাকে গরম ডিম দে,জয়গামত""",Dhaka,,
ভাইগনা দে রে ভাইগনা দে,Dhaka,,
খাও সোনা খাও,Chittagong,Chandpur,
ধন্যবাদ নেতাকে,Dhaka,Kushtia,
আশীর্বাদ রইল খাও খাও পুরা বাংলাদেশ খাও খাও,Dhaka,Manikganj,
আপাতত আমাদেরকে চাদাবাজি করতে দাও কোন ডিস্টার্ব কইরোনা।,Lalmonirhat,,
সমঝোতার ভিত্তিতে খাইলে দোষের কিছু না।,Dhaka,Manikganj,
কিন্তু এখন আন্দোলন বিরোধীরা পুরোদস্তুর হাটে ঘাটে খাটে সবখানে খাইয়া কাঁপাইয়া বেড়াইতাছে,Dhaka,,
গুড,Dhaka,,
খাম্বা কে খাবে?,Dhaka,,
সমঝোতা ভিত্তিতে খাবে,Dhaka,,
[সন্দেহজনক লিঙ্ক সরানো হয়েছে]...,Dhaka,,
MD Opu সুন্দর সিদ্ধান্ত,Dhaka,Chittagong,Feni
খেটে খাও চেটে নয়,Dhaka,Gazipur,
শেষ। আপনারেই খাইয়া দিছে,Bogura,Bogra,
"""শুধু হাট-ঘাট কেন,,,আর কিছু খাবে নাহ?আরো তো অনেক কিছু আছে খাওয়ার মতো!""",ঢাকা,Dhaka,Khulna
সুবহানাল্লাহ,Dhaka,,
পুরো দেশটা যে চায় নাই কপাল ভাল আমাদের,Dhaka,,
এজন্যই বিপ্লব হয়েছিলো! রক্তক্ষয়ী যুদ্ধে প্রান দিতে হয়েছে হাজারে হাজার,Dhaka,,
Assa ai plan cilo re vai amra to ciam na re vai amra ki khamo te,Dinajpur,,
আহ ভাতিজা আহো তোমাকে খাওয়ানোর অপেক্ষায় আছি আমরা,ঢাকা,Sirajganj,
"""আরো খা বেশি করে খা,, পালাবিনা কিন্তু""",Dhaka,Gazipur,
ভোট দেবো মা কিসে? ধানের শীষে...!,Dhaka,Rangpur,
"""যারা সামনে ছিল তারাই যদি সব চাটে,,,, পিছনে যারা ছিল তারা কি চাটবে""",Dhaka,Rangpur,Gaibandha
পৃথিবী একটা নাট্যমঞ্চ বাংলাদেশ তার সদরদপ্তর,Dhaka,Rajshahi,
কত বছর ওরা কিছু খায় নি,Dhaka,Gazipur,
Tora khao ki,Barisal,,
অবশ্যই সমঝোতা করে খেয়ে নিয়েন।কিন্তু জোর করে মেরে না।,Barishal,Bogura,Bagerhat
কিন্তু ওরা কোন আন্দোলন যেন করেছিল??? ভাষা আন্দোলন???,রাজশাহী,,
Hat ghat ar sathe sathe desher manus gulo kheye manus o komiye diñ...,Dhaka,Manikganj,
মামার বাড়ির আবদার।,Dhaka,,
এই হলুদ মিডিয়া গুলো বন্ধ করতে হবে।। দেশে আর কোনো খবর নেই নাকি।।,Barisal,,
জী অবশ্যই!,Dhaka,Gazipur,Kishoreganj
এরকম নেতা থাকলে দলকে ডোবাতে বেশি সময় লাগবে না,Dhaka,Gazipur,
সমঝোতা করে খাবে নাকি সমঝোতা ছাড়াই?,Lalmonirhat,,
জুলাই খুব নিকটে,বগুড়া,Bogura,
দেখেন যা ভালো মনে করেন!,Dhaka,Khulna,Bogra
আমরাও চাই সমঝোতার ভিত্তিতে হাটঘাট দখলে নেওয়া হোক,Barishal,Barisal,
তাহলে ভাই বাজারের পাবলিক টয়লেট গুলো যেন বাদ না যায।সেগুলো কিন্তু খেতে হবে ভাই,Dhaka,,
এদের জন্য আপাই ঠিক ছিলো সকাল বিকাল ২ টাইম. দৌড়ের উপরে রাখতো,Dhaka,Munshiganj,
খা ভাই তোরাই খা দরকার হলে .. . ‌,Rajshahi,,
ঠিক বলছো মামা,Dhaka,Mymensingh,
খা ভাই খাই তোরা ছাড়া কারা খাবে,Khulna,Jessore,
নक दिও आमिও তোमाকে भाলোপাसि!,Tangail,,
চাদার নেশা বড় নেশা রে।,Dhaka,,
আন্দোলনের মাস্টারমাইন্ড না তোদের ডেস ন্যেতা?,Chattogram,Khulna,Barisal
তারমানি বিএনপি আন্দোলনে ছিল না,সিলেট,Sylhet,
কিরে তাইলে তুইও কি খাবি ফকির মিটুল,Khulna,Kushtia,
বাহ!,Dhaka,Kushtia,
সমোযোতা,Dhaka,Chuadanga,
Kulaggar bnp er 12 bajaba ok police a daoya hok,রাজশাহী,নাটোর,Rajshahi
"""সেটাই,""",Dhaka,Comilla,
"""এগুলো সমঝোতা ভিত্তিতে হয়েছে, সমস্যা নেই""",Barisal,,
Sohomot Neta,নোয়াখালী,Noakhali,
খাওন আর খাওন,Khulna,Kushtia,Satkhira
সব খাওয়া বেশি করে খাও ছায়া বেঁচে ফেলে দাও,Dhaka,Chuadanga,
এখন আবার বহিষ্কার নাটক চলবে।,Dhaka,,
যা হুকুম জাহাঁপনা,Dhaka,Sirajganj,
ওর কপাল পুড়ছে!!,পাবনা,Dhaka,Pabna
এখন থেকে চাঁদাবাজি বন্ধ সমঝোতা শুরু,Rajshahi,,
"""খাও! আবার দেখো খেতে গিয়ে যেনো মুখটা না পুরে যায়,""",Dhaka,,
কি খাওয়ার কথা বলেছেন,Rajshahi,Bogra,
১৬ ‌বছরে ‌অনেক ত্যাগী নেতা দেখলাম। হারিকেন লাগিয়েও খুঁজে পাওয়া যাচ্ছিল না।,Dhaka,Rajshahi,
হ খা তোরা খা -দরকার হয়লে রাস্তার ইট বালু সিমেন্ট খুলে খা,Dhaka,Gopalganj,
রাইট,Dhaka,,
হাট ঘাট কোন খাওয়ার জিনিস না রে পাগলা ।,Dhaka,,
আমারেও সাথে রাইখেন আমিও ছিলাম আন্দোলনে।,সিরাজগঞ্জ,Dhaka,Sirajganj
"""হ রে ভাই খা, কম খাইস না বেশি করেই খাইস""",Rangpur,,
খাইতে খাইতে তোরা দলের ১২ টা বাজিয়ে দিলি।,Dhaka,,
হাট মাঠ ঘাট রাস্তা খাল বিল সব খাও।,Dhaka,Faridpur,
আর আমি,Khulna,Bagerhat,
সাথে গু ও খাঁ,Dhaka,Barisal,Bhola
খাইতে আসিস ভারে দিবো নি খাওয়া,Dhaka,,
আচ্ছা খাইয়েন,Dhaka,Narayanganj,
ঠিক বলছেন,Comilla,,
"""খাইতে,খাইতে আবার বমি করে দিতে হবে।""",Chittagong,,
যেটা ভালো মনে করো ।,Chandpur,,
Masallah,বগুড়া,Bogura,
এই খুশিতে আমার বন্ধুরা বলছে একটা ইফতার পার্টি দিতে কিন্তু আমি ব্যস্ত থাকার কারণে ওদের সবাইকে বলে দিছি ইফতার পার্টিতে ঈদের পরে দিব ফ্রি হয়ে ।,Dhaka,,
পুরা দেশটাই খাবেন,Chittagong,Comilla,
সঠিক চালিয়ে যান,Netrokona,,
ধন্যবাদ নেতা,Dhaka,Mymensingh,Sherpur
"""আবশ্যই খাবেন,,,,, তবে লিমিট,,ফুড পয়োজন যেন৷ না হয়""",Rangpur,Kushtia,
আলহামদুলিল্লাহ,Chittagong,,
"""চাঁদাবাজ বিষয়ক একটি মন্ত্রণালয় করলে ভালো হয়। এখানে মন্ত্রী, প্রতিমন্ত্রী সহ পূর্ণাঙ্গ মন্ত্রণালয় গঠন করলে জাতি উপকৃত হবে। এ…""",Patuakhali,,
"""মারহাবা, ফজিলত পূর্ণ আলোচনা""",Sylhet,Sunamganj,
আচ্ছা,Chapainawabganj,,
এর জন্যই তো সমঝোতার নামক নতুন কারিকুলাম চালু হয়েছে,Dhaka,,
অবশ্যই সমঝোতার ভিত্তিতে খাইতে হবে,কুমিল্লা,Dhaka,Chittagong
হাট -ঘাট - মাঠ - নদী নালা'' সব খেয়ে ফেলো।,Barisal,,
"""খাবি খা, খালি""",Dhaka,Tangail,
বাজারের পাবলিক টয়লেট টা কে খাবে?,বরিশাল,Barisal,
Accha,খুলনা,Khulna,
চাদা খোররাই তো চাদা খাবে,Dhaka,,
বিএনপি আন্দোলনে ছিল না,Dhaka,Barisal,
এটাই হলো তার সমঝোতা,Dhaka,,
আমার একটা গরু আছে প্রতি এক ঝুড়ি করে গোবর হয়। ফেলতে খুব কষ্ট হয়।…,ঝিনাইদহ,Khulna,Bogura
এটা তাদের গনতান্ত্রিক অধিকার,Comilla,,
"""ঠিক কিনা বলেন, ভাইয়ের ইনসাফ আছে।""",Chittagong,Comilla,
ভোট দিবে কিসে ধানের শীষে,সিরাজগঞ্জ,Sirajganj,
কথায় যুক্তি আছে।,Rajshahi,Chandpur,
সমঝোতা করে খায়েন,Dhaka,Barisal,
"""আরো দাও ভোট, টিকি আছে চালিয়ে যান বিনপি ভায়েরা""",কিশোরগঞ্জ,Dhaka,Kishoreganj
Koy ki,Dhaka,Tangail,
Desh tar upor khub drutto Allaher gojob najil hoibo,Dhaka,,
উনি ঠিকই বলছে,চাঁদপুর,Dhaka,Chandpur
পাচায় গরম ডিম ও খাবে,Chittagong,,
প্রয়োজনে গু ও খাবে...তাই না?,Dhaka,Pabna,
আফসোস,Comilla,,
Marhaba,চট্টগ্রাম,Dhaka,Chattogram
"""যা খুশি খান, কোনো কিছুই অবশিষ্ট রাখবেন না, শুধু ওয়ালী ছোয়ালী কইরেন না,, দুর্গন্ধ বের হবে""",Sirajganj,,
"""যারা আন্দোলনে ছিল না, তাদের এই দেশে থাকারই অধিকার নাই""",Dhaka,,
মির্জা ফখরুল ইসলাম সাহেব এর কথা অনুযায়ীত তোমরা আন্দোলনে ছিলেনা বাবু।,Comilla,,
Thik Bolche,Dhaka,,
"""অবশ্যই খাবেন, মাঠ আপনাদের প্লেয়ার আপনাদের রেফারি আপনাদের জনগন আপনাদের,,,,,, …""",Dhaka,Barisal,
চালিয়ে যাও ভাতিজা।।।।,Dhaka,Narail,
Safi Abdullah Rafsan tumi jaiyo na,Sylhet,,
হাট-ঘাট কি ওর বাপের পৈতৃক ভিটা-মাটি না-কি???,Dhaka,,
খেলা যে চলছে কোন লেভেলে,Dhaka,Khulna,Satkhira
আস্তাগফিরুল্লাহ,Dinajpur,,
রাইট,Bagerhat,,
খাও ،،،মিলে মিসে,Khulna,,
17 বছর রোজার পরে ঈদের মৌসুম আসছে,Dhaka,,
সাধারণ বিষয়। আপনারা না খেলে কে খাবে দরকার হলে চাদারপাশাপাশি দুই একটা মানুষ কেউ খান সব তো আপনাদেরই,Dhaka,,
"""সমঝোতা করে খা, মাঠ,ঘাট,বাজার, সব খা""",Dhaka,Barishal,
অকে খাও,Chittagong,Noakhali,
Valo,Bogura,,
তাহলে পাবলিক টয়লেটও তারাই যেন খায়!,Dhaka,Faridpur,
ইফতারের পরে খাইয়েন,Dhaka,Pabna,
টয়লেট সহ খেতে হবে কোন কিছু বাদ দেওয়া জবে না,Chittagong,,
খাও খাও,কুড়িগ্রাম,Dhaka,Rangpur
খাও জনমের খাওয়া,Dhaka,,
সমঝোতার ভিত্তিতে খেয়েন,Bagerhat,,
পিও নেতা,Dhaka,,
আইচ্ছা,Chittagong,,
পাব্লিক টয়লেট টাও আপনি খাবেন আশা করি,ভোলা,,
একি ভাবে সরকারকে ও খাবে ।,Chittagong,Khulna,
R public toilet kara khabe?,Jhalokati,,
মারহাপা,Dhaka,,
এর দায় দল নেবেন। পাবলিক কে নিতে হবে।,Chittagong,Noakhali,
মাশাআল্লাহ,Jamalpur,,
Tarek Rahman Ke Very Soon to Fly to London.,ঠাকুরগাঁও,Chittagong,Comilla
হাগুখাও,Khulna,Kushtia,
আচ্ছা হাট-ঘাট খাইলে কি রোজা ভাঙ্গে? হেফাজতের আমীর কি বলে?,Chittagong,Comilla,
ওকে,Dhaka,Bogura,
"""খান খান, গিলে খেয়ে ফেলুন""",Dhaka,Barisal,
আর কি কি খাবেন বলেন। আমরা কিনে দিয়ে আসি। আমরা তো মারা ছাড়া সাধারণ জনগণ কিছুই খেতে পারিনা।,Barisal,,
অবশ্যই খাবেন,কিশোরগঞ্জ,Dhaka,Kishoreganj
ওয়াও,Dhaka,Chittagong,Noakhali
ঠিক্কক্কক্কক্কক্কক্কক্কক্কক্কক্কক্কক্কজক্কক্কক,Khulna,Magura,
বেশি ক্ষিধে পেলে খাম্বাও গিলে ফেইলেন।,Mymensingh,Gazipur,
"""অবশ্যই, বাসার সামনের বালির ট্রাক তো যুদ্ধ করে আপনারাই সরাইছেন।…""",Dhaka,,
Bah baaler dol,Dhaka,,
Sathe mair o khabe,Narayanganj,,
সাবাস বি এন পি সৈনিক,Dhaka,,
July joddhara ki khete Hasinare tarieche. Haire afsos,Dhaka,,
এটা একটা সমঝোতার দরকার ঠিকিকথা,Dhaka,,
হুম ঠিক বলেছেন আপনি!,Dhaka,,
হয়তো বেচারা সরকারি হাট ঘাট ইজারা বলতে গিয়ে একটু বেশী বলে ফেলছে।,Chittagong,Chandpur,
বাবুরা খাবে,Dhaka,Rangpur,Thakurgaon
পেটে গ্যাস হবে,Dhaka,Feni,
সোনা গু আমার।,Cox's Bazar,,
go ahead boys,Cox's Bazar,,
ইফতারের পরে খায়েন।,Pabna,,
বেশি খাইলে পেট বড়ো হবে,Bogura,,
তাহলে মেরাথোন দৌড়ানি খাওয়ার জন্য প্রস্তুত থেকো !,Dhaka,,
হাট ঘাট খাবার?,Dhaka,,
ঠিক বলেছে ক্ষুধা লাগলে খাবেই তো না খেয়ে কি মারা যাবে।,Dhaka,Pabna,
আহা সোনা গো,Dhaka,Tangail,
আচ্ছা,Barisal,,
দেশটা যেন গণিতের মাল। সবাই খেতে চায়।,Dhaka,,
আমি এটা ই চাই,Dhaka,Madaripur,
"""ফুটপাত না খাইয়া ভিক্ষা কইরা খা,,,""",Dhaka,,
এরাই খাটি রাজাকার,Dhaka,,
বিএনপির হাজার হাজার নেতাকর্মী বাড়িতে ঠিকমতো ঘুমোতে পারতো না। উঠতে বসতে একটাই চিন্তা থাকতো কখন জানি ধরে ফেলে। জায়গা জমি বিক্রি …,Comilla,,
সেরা,Chittagong,,
"""বাবাইতা তালুক মনে হয়, খাবার নিগা আইছে চান্দাবাজ""",Dhaka,,
আপনি ঠিক ই বলছেন ভাই অনেক কষ্ট করে অন্দোলন করছেন,Dhaka,Sirajganj,
Nayem Mahmud Babu তোর বড় ভাইয়েরা কি বলে,Dhaka,Gazipur,
কেন ভাই ? নেতা হইলে কি এমনেই খাইতে হবে। আর কোন কাজ কর্ম নাই,Dhaka,,
"""ঠিক উস্তাত ঠিক,,""",Dhaka,,
তাহলে আমি বাট পাবো,হবিগঞ্জ,Habiganj,
কথাকি ক্লিয়ার না বেজাল আছে??,Dhaka,Comilla,
Ok...নেতা আপনি যেটা বলবেন সেটাই হবে।,Khulna,Satkhira,
তো আর কে খাাবে?,Dhaka,,
আপনারা সব খাইয়েন কনো টেনশন নাই আন্দোলন আমরা ও করছি তবে আমরা খাবো না আমার ভাগের টা আপনারা খাইয়েন,Dhaka,Lakshmipur,
"""Kheye dao,,,jara vote diche tmdr tader ghor bari age khao""",Dhaka,Manikganj,
টয়লেট ও খাইও,Dhaka,Barisal,
নিশ্চই সু-সংযতো আচরণ কল্যাণ বয়ে আনে অন্যত্থায় ধ্বংস,Sylhet,Dinajpur,
"""তাহলে তার কথাই এটা স্পষ্ট যে,,বিএনপি আন্দোলনের সময় কোন প্রকার অংশগ্রহণ করেনি।""",Sunamganj,,
ঠিক।,Barisal,,
হ ভাই সব ঠিক,Dhaka,,
K.F. Shimun ভাই শুরু করে দেন।,Dhaka,Chittagong,
ঘু খা ভাগাভাগি করে,Dhaka,,
হাট ঘাট কি তোর বাপের,Dhaka,,
Bnp তো আন্দোলন করে নি তাই তারা খেতে পারবো না কারণ তাঁদের নেতা তো স্বীকার করে না,Khulna,Kushtia,
আরে খাও খাও সুযোগ পাইছো খাইয়া লও কবে না কবে আবার খাইতে পারবা,Dhaka,,
হাট-ঘাটের ময়লা আবর্জনা গুলো খাইলে জনগন একটু স্বস্তি পেতো।প্রতিটা হাট ঘাটে প্রচুর ময়লা।,Dhaka,Pabna,
"""খাট ঘাট না খেয়ে,,, ভিক্ষা করে খেতে পারেন,,,পাপ কম হবে""",Chittagong,Brahmanbaria,
"""সাথে যেন মানুষ্য বজ্যও খায়,,,""",Dhaka,,
বাহ্ কি সুন্দর,Chittagong,Lakshmipur,
"""সাবাশ ঠিক বলেছেন,,, কে কি বলল না বলল এইসবে কান না দিয়ে সোজা পাবনা পাগলা গারদের দিকে এগিয়ে যান,, কারণ হাঁট ঘাট আপনার বাবার পয়ত্রিক সম্পত্তি।""",Dhaka,,
আন্দোলনে তো দেশের অনেক জনগণ ছিল তার মানে তারা খাবে?,Dhaka,,
বাহ,পিরোজপুর,Barisal,Pirojpur
অধিকার তুমি আদায় করে নাও,সিলেট,Sylhet,
হ ভাই ঠিক আনাম গিল্লা লান,Dhaka,Munshiganj,
এটাকেই বলে সঠিক সমঝোতা,Comilla,,
সমঝোতা,Dhaka,Mymensingh,
বাজারের টইলেট গুলো কারা খাবে?,Dhaka,,
ঠিকই তো! ১৭ বছর নির্যাতন সহ্য করে যদি ২/৪ টা হাট বাজাররম দখল করতে না পারে। তাহলে এদেশে রাজনীতি করার দরকার কী?,Dhaka,Khulna,Kushtia
খেতে খেতে তাদেরো পেট ফেটে যাবে।,চট্টগ্রাম,Chattogram,Barisal
খা টয়লেটের ট্যাংকির ভিতরের গুলাও খা,নীলফামারী,,
Nahid Hasan Piash tomara ki cila?,Chittagong,Noakhali,
হা ঠিক। কারন অনেক ক্ষুধা,Chittagong,Lakshmipur,
সেরা রেহ,চট্টগ্রাম,Dhaka,Chittagong
১৭ বছরের রোজা,Dhaka,,
হাট খাবে ঘাট ও খাবে,যশোর,Dhaka,Khulna
"""ঠিক আছে,,সুন্দর কথা""",Chittagong,,
পাবলিক টয়লেটটা আগে খাইয়েন...,Khulna,,
"""প্লিজ,হাসনাবাদ বাজারে আসেন,হাট ঘাটে বহু হাগু আর আবর্জনা জমে আছে, অনেক খেতে পারবেন""",Dhaka,Narsingdi,
খাআআআ,Dhaka,,
Jara chilo na tader o kiso dien ja e hok tara o to dol kore ... Mile mise khan deshtake,Dhaka,Chittagong,Noakhali
"""মাঠ-ঘাটে গরুর গু,ছাগলের লাদি,পাগলের হাগুও থাকে""",Gazipur,Sirajganj,
পাবলিক টয়লেটের টাকা কে উঠাবে।,Dhaka,,
সহমত ভাই,Dhaka,,
তাহলে আমার ভাগেরটা আমার বাড়িতে যাইয়া দিয়া আইসেন নেতা,Dhaka,,
আয় হায় কাম সারছে,Dhaka,,
সমস্যা নেই খিদা লাগলে আরো কত কিছু করে,Dhaka,,
মারহাবা,Dhaka,,
এইডা কোন কথা। হক আছে চান্দা খাওয়ার,Dhaka,,
বিএনপিতে আন্দোলন করে নাই মির্জা ফখরুল বলেছে,Dhaka,,
এরা তো দেশের গর্ভধারিনী ছেলে,Barisal,Comilla,
এখানে কোনো মুক্তিযোদ্ধাদের খুজি পাওয়া যাচ্ছে না। তাদের কোনো খোজ থাকলে জানাবেন।,ঢাকা,বগুড়া,Dhaka
জি তাই হবে নেতা,Dhaka,Khulna,
"""১৭ বছর ধরে রোজা, ইফতার করতে হবে এখন উড়াধূরা...!!!""",ফরিদপুর,Dhaka,
একদম ঠিক …,Dhaka,,
মারজুক রাসেল নাকি এইটা,Dhaka,Natore,
এই দলের নাম কোনভাবে পাল্টিয়ে কি চান্দাদল দেওয়া যায় । আমি নামের বিকৃতি করি নাই শুধুমাত্র আসমান থেকে নেমে আসা এক,,,